date,close,trend_pred,real_trend,hit
50,4369.0,UP,UP,1
51,4423.0,UP,UP,1
52,4640.0,UP,UP,1
53,4786.95,UP,DOWN,0
54,4783.06,UP,UP,1
55,4821.43,UP,UP,1
56,5430.0,UP,UP,1
57,5649.98,UP,UP,1
58,5869.99,UP,DOWN,0
59,5709.99,UP,UP,1
60,5760.02,UP,DOWN,0
61,5595.0,UP,DOWN,0
62,5512.06,UP,UP,1
63,5683.9,UP,UP,1
64,6010.01,UP,UP,1
65,6024.97,UP,DOWN,0
66,5950.02,UP,DOWN,0
67,5915.93,UP,DOWN,0
68,5477.03,UP,UP,1
69,5689.99,UP,UP,1
70,5861.77,UP,DOWN,0
71,5768.83,UP,DOWN,0
72,5719.64,UP,UP,1
73,6169.98,UP,DOWN,0
74,6120.5,UP,UP,1
75,6463.0,UP,UP,1
76,6753.98,UP,UP,1
77,7019.98,UP,UP,1
78,7115.04,UP,UP,1
79,7357.09,UP,DOWN,0
80,7345.01,UP,DOWN,0
81,6960.12,UP,UP,1
82,7064.04,UP,UP,1
83,7303.0,UP,DOWN,0
84,7079.99,UP,DOWN,0
85,6506.98,UP,DOWN,0
86,6245.05,UP,DOWN,0
87,5811.03,UP,UP,1
88,6465.99,UP,UP,1
89,6574.99,UP,UP,1
90,7240.06,UP,UP,1
91,7864.5,UP,DOWN,0
92,7699.19,UP,UP,1
93,7761.94,UP,UP,1
94,8038.0,UP,UP,1
95,8212.0,UP,DOWN,0
96,8119.51,UP,UP,1
97,8205.92,UP,DOWN,0
98,8019.99,UP,UP,1
99,8138.0,UP,UP,1
100,8700.01,UP,UP,1
101,9128.02,UP,UP,1
102,9650.0,UP,UP,1
103,9896.8,UP,DOWN,0
104,9687.88,UP,UP,1
105,9838.96,UP,UP,1
106,10782.99,UP,UP,1
107,10890.01,UP,UP,1
108,11165.41,UP,UP,1
109,11579.0,UP,UP,1
110,11699.99,UP,UP,1
111,13550.05,UP,UP,1
112,16599.0,UP,DOWN,0
113,15880.0,UP,DOWN,0
114,14656.07,UP,UP,1
115,14899.98,UP,UP,1
116,16587.97,UP,DOWN,0
117,16349.99,UP,DOWN,0
118,16033.29,UP,UP,1
119,16334.98,UP,UP,1
120,17539.83,UP,UP,1
121,19102.66,UP,DOWN,0
122,18860.02,UP,DOWN,0
123,18856.25,UP,DOWN,0
124,17295.2,UP,DOWN,0
125,16488.98,UP,DOWN,0
126,15492.64,UP,DOWN,0
127,13326.61,UP,DOWN,0
128,13300.0,UP,UP,1
129,13500.0,UP,UP,1
130,13699.34,SIDE,UP,0
131,15689.01,SIDE,DOWN,0
132,15459.99,SIDE,DOWN,0
133,14182.11,SIDE,UP,0
134,14378.9,SIDE,DOWN,0
135,12440.01,DOWN,UP,0
136,13716.36,DOWN,DOWN,1
137,13380.0,DOWN,UP,0
138,14675.11,SIDE,UP,0
139,14919.51,SIDE,UP,0
140,15059.54,SIDE,UP,0
141,16960.39,SIDE,UP,0
142,17069.79,SIDE,DOWN,0
143,16150.03,SIDE,DOWN,0
144,14902.54,UP,DOWN,0
145,14400.0,UP,UP,1
146,14907.09,UP,DOWN,0
147,13238.78,UP,UP,1
148,13740.01,UP,UP,1
149,14210.0,UP,DOWN,0
150,13474.99,SIDE,UP,0
151,13539.93,SIDE,DOWN,0
152,10900.0,SIDE,UP,0
153,10988.79,SIDE,DOWN,0
154,10961.97,SIDE,UP,0
155,11474.98,SIDE,UP,0
156,12799.94,SIDE,DOWN,0
157,11530.0,SIDE,DOWN,0
158,10760.05,SIDE,UP,0
159,10799.18,DOWN,UP,0
160,11349.99,DOWN,DOWN,1
161,11175.27,SIDE,DOWN,0
162,11089.0,SIDE,UP,0
163,11491.0,SIDE,UP,0
164,11879.95,SIDE,DOWN,0
165,11251.0,SIDE,DOWN,0
166,10237.51,SIDE,UP,0
167,10285.1,UP,DOWN,0
168,9224.52,UP,DOWN,0
169,8873.03,UP,UP,1
170,9199.96,UP,DOWN,0
171,8184.81,UP,DOWN,0
172,6939.99,UP,UP,1
173,7652.14,UP,DOWN,0
174,7599.0,UP,UP,1
175,7784.02,UP,UP,1
176,8683.92,SIDE,DOWN,0
177,8533.98,SIDE,DOWN,0
178,8063.88,SIDE,UP,0
179,8903.0,SIDE,DOWN,0
180,8539.9,DOWN,UP,0
181,9449.99,SIDE,UP,0
182,10000.09,SIDE,UP,0
183,10159.98,SIDE,UP,0
184,11039.55,SIDE,DOWN,0
185,10383.43,SIDE,UP,0
186,11153.0,SIDE,UP,0
187,11200.99,SIDE,DOWN,0
188,10437.6,SIDE,DOWN,0
189,9811.04,SIDE,UP,0
190,10131.04,UP,DOWN,0
191,9694.51,UP,DOWN,0
192,9590.0,UP,UP,1
193,10324.0,UP,UP,1
194,10569.04,UP,DOWN,0
195,10326.76,UP,UP,1
196,10920.0,UP,UP,1
197,11039.0,UP,UP,1
198,11464.48,UP,UP,1
199,11515.0,UP,DOWN,0
200,11454.0,UP,DOWN,0
201,10716.48,UP,DOWN,0
202,9910.0,UP,DOWN,0
203,9271.64,SIDE,DOWN,0
204,9227.0,SIDE,DOWN,0
205,8770.22,SIDE,UP,0
206,9533.57,SIDE,DOWN,0
207,9131.34,DOWN,UP,0
208,9150.0,DOWN,DOWN,1
209,8170.0,DOWN,UP,0
210,8240.98,DOWN,UP,0
211,8260.0,DOWN,DOWN,1
212,7824.8,DOWN,UP,0
213,8189.99,DOWN,UP,0
214,8600.0,DOWN,UP,0
215,8909.98,DOWN,DOWN,1
216,8885.0,DOWN,DOWN,1
217,8722.9,DOWN,UP,0
218,8898.03,DOWN,DOWN,1
219,8546.86,DOWN,DOWN,1
220,8470.15,DOWN,DOWN,1
221,8134.23,SIDE,DOWN,0
222,7795.51,SIDE,UP,0
223,7949.3,SIDE,DOWN,0
224,7090.14,SIDE,DOWN,0
225,6840.23,SIDE,UP,0
226,6923.91,SIDE,DOWN,0
227,6813.01,SIDE,UP,0
228,7056.0,SIDE,UP,0
229,7405.21,SIDE,DOWN,0
230,6796.1,DOWN,DOWN,1
231,6770.76,DOWN,DOWN,1
232,6601.39,DOWN,UP,0
233,6895.8,DOWN,UP,0
234,7018.0,DOWN,DOWN,1
235,6782.72,SIDE,UP,0
236,6843.9,SIDE,UP,0
237,6953.79,SIDE,UP,0
238,7923.0,SIDE,DOWN,0
239,7877.41,SIDE,UP,0
240,7999.01,SIDE,UP,0
241,8355.0,SIDE,DOWN,0
242,8064.92,SIDE,DOWN,0
243,7885.02,SIDE,UP,0
244,8173.0,UP,UP,1
245,8278.0,UP,UP,1
246,8856.98,UP,UP,1
247,8915.31,UP,DOWN,0
248,8787.02,UP,UP,1
249,8934.01,UP,UP,1
250,9619.99,UP,DOWN,0
251,8869.99,UP,UP,1
252,9266.0,UP,DOWN,0
253,8915.35,UP,UP,1
254,9348.0,UP,UP,1
255,9419.0,UP,DOWN,0
256,9246.01,UP,DOWN,0
257,9071.48,UP,UP,1
258,9247.84,SIDE,UP,0
259,9750.0,SIDE,DOWN,0
260,9713.99,SIDE,UP,0
261,9864.0,SIDE,DOWN,0
262,9659.01,SIDE,DOWN,0
263,9365.0,SIDE,DOWN,0
264,9187.56,UP,UP,1
265,9310.0,UP,DOWN,0
266,9002.2,UP,DOWN,0
267,8400.0,UP,UP,1
268,8465.94,UP,UP,1
269,8679.71,UP,DOWN,0
270,8663.34,UP,DOWN,0
271,8462.0,SIDE,DOWN,0
272,8330.0,SIDE,DOWN,0
273,8041.46,DOWN,UP,0
274,8239.81,DOWN,DOWN,1
275,8233.49,DOWN,UP,0
276,8526.98,DOWN,DOWN,1
277,8381.24,DOWN,DOWN,1
278,7977.11,DOWN,DOWN,1
279,7501.95,DOWN,UP,0
280,7575.01,DOWN,DOWN,1
281,7457.0,DOWN,DOWN,1
282,7333.96,DOWN,UP,0
283,7338.99,DOWN,DOWN,1
284,7099.0,DOWN,UP,0
285,7461.29,DOWN,DOWN,1
286,7375.96,DOWN,UP,0
287,7485.01,DOWN,UP,0
288,7521.01,DOWN,UP,0
289,7640.03,DOWN,UP,0
290,7714.26,DOWN,DOWN,1
291,7487.0,DOWN,UP,0
292,7625.0,DOWN,UP,0
293,7658.84,DOWN,UP,0
294,7691.08,DOWN,DOWN,1
295,7603.44,SIDE,DOWN,0
296,7491.73,SIDE,DOWN,0
297,6764.99,SIDE,UP,0
298,6872.0,SIDE,DOWN,0
299,6530.0,SIDE,DOWN,0
300,6292.78,SIDE,UP,0
301,6635.98,SIDE,DOWN,0
302,6388.9,SIDE,UP,0
303,6483.98,DOWN,DOWN,1
304,6449.61,DOWN,UP,0
305,6712.46,DOWN,UP,0
306,6741.21,DOWN,UP,0
307,6761.51,DOWN,DOWN,1
308,6718.84,DOWN,DOWN,1
309,6045.0,DOWN,UP,0
310,6149.98,DOWN,DOWN,1
311,6136.97,DOWN,UP,0
312,6252.0,DOWN,DOWN,1
313,6070.78,DOWN,UP,0
314,6133.73,DOWN,DOWN,1
315,5853.98,DOWN,UP,0
316,6197.92,DOWN,UP,0
317,6390.07,DOWN,DOWN,1
318,6356.81,DOWN,UP,0
319,6615.29,SIDE,DOWN,0
320,6513.86,SIDE,UP,0
321,6586.98,SIDE,DOWN,0
322,6529.2,SIDE,UP,0
323,6609.78,SIDE,UP,0
324,6756.98,UP,DOWN,0
325,6712.1,UP,DOWN,0
326,6662.12,UP,DOWN,0
327,6296.91,UP,UP,1
328,6378.07,UP,DOWN,0
329,6250.57,UP,DOWN,0
330,6214.57,UP,UP,1
331,6251.99,UP,UP,1
332,6353.01,SIDE,UP,0
333,6723.35,SIDE,UP,0
334,7317.44,SIDE,UP,0
335,7381.9,SIDE,UP,0
336,7466.21,SIDE,DOWN,0
337,7337.53,SIDE,UP,0
338,7398.78,SIDE,DOWN,0
339,7394.79,SIDE,UP,0
340,7721.01,SIDE,UP,0
341,8397.24,UP,DOWN,0
342,8175.64,UP,DOWN,0
343,7920.0,UP,UP,1
344,8188.57,UP,UP,1
345,8225.04,UP,DOWN,0
346,8211.0,UP,DOWN,0
347,8173.92,UP,DOWN,0
348,7730.93,UP,DOWN,0
349,7604.58,SIDE,DOWN,0
350,7525.71,SIDE,DOWN,0
351,7418.78,SIDE,DOWN,0
352,7009.84,SIDE,UP,0
353,7024.19,SIDE,DOWN,0
354,6934.82,SIDE,DOWN,0
355,6720.06,SIDE,DOWN,0
356,6285.0,SIDE,UP,0
357,6529.79,SIDE,DOWN,0
358,6144.01,SIDE,UP,0
359,6232.35,SIDE,UP,0
360,6308.33,SIDE,DOWN,0
361,6246.35,SIDE,DOWN,0
362,6188.08,DOWN,UP,0
363,6267.16,DOWN,UP,0
364,6311.75,DOWN,UP,0
365,6584.49,DOWN,DOWN,1
366,6387.96,DOWN,UP,0
367,6477.53,DOWN,DOWN,1
368,6254.84,DOWN,UP,0
369,6480.0,DOWN,DOWN,1
370,6360.89,DOWN,UP,0
371,6525.01,SIDE,UP,0
372,6681.64,SIDE,UP,0
373,6733.64,UP,DOWN,0
374,6700.0,UP,UP,1
375,6908.64,UP,UP,1
376,7076.11,UP,DOWN,0
377,7031.22,UP,DOWN,0
378,6984.84,UP,UP,1
379,7011.21,UP,UP,1
380,7200.01,UP,UP,1
381,7302.01,UP,DOWN,0
382,7263.02,UP,UP,1
383,7359.06,UP,DOWN,0
384,6700.0,UP,DOWN,0
385,6516.01,UP,DOWN,0
386,6395.54,UP,DOWN,0
387,6185.05,UP,UP,1
388,6250.81,UP,UP,1
389,6312.0,UP,DOWN,0
390,6294.91,SIDE,UP,0
391,6338.62,SIDE,UP,0
392,6487.38,SIDE,DOWN,0
393,6476.63,SIDE,UP,0
394,6514.96,SIDE,DOWN,0
395,6505.0,SIDE,DOWN,0
396,6248.69,DOWN,UP,0
397,6336.45,DOWN,UP,0
398,6391.89,DOWN,UP,0
399,6492.0,DOWN,UP,0
400,6759.02,DOWN,DOWN,1
401,6723.05,SIDE,DOWN,0
402,6708.0,SIDE,DOWN,0
403,6581.39,SIDE,DOWN,0
404,6447.54,UP,UP,1
405,6465.12,UP,UP,1
406,6689.13,UP,DOWN,0
407,6634.58,UP,DOWN,0
408,6596.38,UP,UP,1
409,6626.57,UP,DOWN,0
410,6611.61,SIDE,DOWN,0
411,6525.79,SIDE,DOWN,0
412,6510.0,SIDE,UP,0
413,6593.79,SIDE,UP,0
414,6635.65,SIDE,DOWN,0
415,6594.27,SIDE,UP,0
416,6615.26,SIDE,UP,0
417,6673.01,SIDE,DOWN,0
418,6656.61,SIDE,DOWN,0
419,6631.0,SIDE,DOWN,0
420,6252.68,UP,UP,1
421,6298.01,UP,UP,1
422,6332.93,UP,UP,1
423,6339.34,SIDE,UP,0
424,6752.5,SIDE,UP,0
425,6759.27,SIDE,DOWN,0
426,6740.89,SIDE,DOWN,0
427,6618.96,SIDE,DOWN,0
428,6528.88,SIDE,UP,0
429,6588.4,SIDE,UP,0
430,6590.11,SIDE,DOWN,0
431,6581.2,SIDE,DOWN,0
432,6553.51,UP,UP,1
433,6565.5,SIDE,DOWN,0
434,6528.09,SIDE,UP,0
435,6538.63,SIDE,DOWN,0
436,6505.6,SIDE,DOWN,0
437,6489.93,SIDE,DOWN,0
438,6344.5,SIDE,DOWN,0
439,6330.87,SIDE,UP,0
440,6371.93,SIDE,UP,0
441,6410.0,SIDE,UP,0
442,6433.98,SIDE,DOWN,0
443,6387.09,DOWN,UP,0
444,6485.85,DOWN,DOWN,1
445,6468.99,DOWN,UP,0
446,6519.11,DOWN,UP,0
447,6578.46,DOWN,DOWN,1
448,6479.84,DOWN,DOWN,1
449,6419.99,DOWN,UP,0
450,6433.05,DOWN,UP,0
451,6449.81,DOWN,UP,0
452,6453.07,DOWN,UP,0
453,6457.66,DOWN,DOWN,1
454,5922.41,SIDE,DOWN,0
455,5753.4,SIDE,DOWN,0
456,5655.94,SIDE,DOWN,0
457,5628.29,SIDE,UP,0
458,5662.0,DOWN,DOWN,1
459,4910.03,DOWN,DOWN,1
460,4558.86,DOWN,UP,0
461,4661.07,DOWN,DOWN,1
462,4370.0,DOWN,UP,0
463,4420.61,DOWN,DOWN,1
464,3932.44,DOWN,UP,0
465,4085.78,DOWN,DOWN,1
466,3862.2,DOWN,UP,0
467,3875.21,DOWN,UP,0
468,4264.85,DOWN,UP,0
469,4295.84,DOWN,DOWN,1
470,4041.32,DOWN,UP,0
471,4190.02,DOWN,DOWN,1
472,4161.01,DOWN,DOWN,1
473,3884.01,DOWN,UP,0
474,3951.64,DOWN,DOWN,1
475,3769.84,DOWN,DOWN,1
476,3508.75,DOWN,DOWN,1
477,3403.55,DOWN,UP,0
478,3410.93,DOWN,UP,0
479,3545.37,DOWN,DOWN,1
480,3432.88,DOWN,DOWN,1
481,3380.39,DOWN,UP,0
482,3445.0,DOWN,DOWN,1
483,3302.06,DOWN,DOWN,1
484,3224.17,DOWN,DOWN,1
485,3211.72,DOWN,UP,0
486,3228.67,DOWN,UP,0
487,3509.08,DOWN,UP,0
488,3652.98,DOWN,UP,0
489,3662.22,DOWN,UP,0
490,4049.62,DOWN,DOWN,1
491,3838.66,DOWN,UP,0
492,3948.91,DOWN,DOWN,1
493,3929.71,DOWN,UP,0
494,4008.01,SIDE,DOWN,0
495,3745.79,SIDE,UP,0
496,3777.74,SIDE,DOWN,0
497,3567.91,SIDE,UP,0
498,3839.26,SIDE,DOWN,0
499,3695.32,SIDE,UP,0
500,3801.91,UP,DOWN,0
501,3702.9,UP,UP,1
502,3797.14,UP,UP,1
503,3858.56,SIDE,DOWN,0
504,3766.78,SIDE,UP,0
505,3792.01,SIDE,DOWN,0
506,3770.96,SIDE,UP,0
507,3987.6,SIDE,DOWN,0
508,3975.45,SIDE,DOWN,0
509,3955.13,SIDE,UP,0
510,3966.65,SIDE,DOWN,0
511,3585.88,SIDE,UP,0
512,3601.31,UP,DOWN,0
513,3583.13,UP,DOWN,0
514,3476.81,UP,UP,1
515,3626.09,UP,DOWN,0
516,3553.06,UP,UP,1
517,3591.84,SIDE,UP,0
518,3616.21,DOWN,DOWN,1
519,3594.87,DOWN,UP,0
520,3665.3,DOWN,DOWN,1
521,3539.28,DOWN,DOWN,1
522,3526.9,DOWN,UP,0
523,3570.93,DOWN,DOWN,1
524,3552.82,DOWN,UP,0
525,3569.62,DOWN,DOWN,1
526,3565.29,DOWN,DOWN,1
527,3565.25,DOWN,DOWN,1
528,3550.84,DOWN,DOWN,1
529,3434.15,DOWN,DOWN,1
530,3411.04,DOWN,UP,0
531,3458.18,DOWN,DOWN,1
532,3434.1,DOWN,UP,0
533,3462.07,DOWN,UP,0
534,3504.77,DOWN,DOWN,1
535,3458.11,DOWN,UP,0
536,3463.22,DOWN,UP,0
537,3471.59,DOWN,DOWN,1
538,3405.37,DOWN,DOWN,1
539,3398.4,DOWN,UP,0
540,3659.04,DOWN,UP,0
541,3665.18,DOWN,UP,0
542,3680.06,DOWN,DOWN,1
543,3631.05,UP,UP,1
544,3631.46,UP,DOWN,0
545,3609.4,UP,DOWN,0
546,3590.56,UP,UP,1
547,3602.47,UP,UP,1
548,3618.41,UP,UP,1
549,3667.58,UP,UP,1
550,3898.6,UP,UP,1
551,3907.79,UP,UP,1
552,3969.74,UP,DOWN,0
553,3937.31,UP,UP,1
554,3962.0,UP,UP,1
555,4117.76,UP,DOWN,0
556,3743.56,UP,UP,1
557,3827.92,UP,DOWN,0
558,3809.23,UP,UP,1
559,3818.07,UP,DOWN,0
560,3813.69,UP,UP,1
561,3823.0,UP,DOWN,0
562,3819.93,UP,DOWN,0
563,3807.75,SIDE,DOWN,0
564,3715.3,SIDE,UP,0
565,3857.73,SIDE,UP,0
566,3861.84,SIDE,UP,0
567,3873.64,DOWN,DOWN,1
568,3864.89,DOWN,UP,0
569,3943.04,DOWN,DOWN,1
570,3916.82,DOWN,DOWN,1
571,3871.61,DOWN,UP,0
572,3882.73,SIDE,DOWN,0
573,3866.0,SIDE,UP,0
574,3877.12,SIDE,UP,0
575,3923.76,SIDE,UP,0
576,4005.98,SIDE,DOWN,0
577,3981.14,UP,UP,1
578,3987.81,UP,UP,1
579,4015.53,UP,UP,1
580,4043.04,UP,DOWN,0
581,3980.64,UP,UP,1
582,3986.93,UP,UP,1
583,4006.01,UP,DOWN,0
584,3992.18,UP,DOWN,0
585,3936.12,UP,UP,1
586,3948.55,UP,UP,1
587,4038.05,UP,DOWN,0
588,4027.81,UP,UP,1
589,4103.25,UP,UP,1
590,4106.97,UP,DOWN,0
591,4103.95,UP,UP,1
592,4144.56,UP,UP,1
593,4857.29,UP,UP,1
594,4932.6,UP,DOWN,0
595,4898.66,UP,UP,1
596,5004.95,UP,UP,1
597,5043.89,UP,UP,1
598,5170.27,UP,UP,1
599,5236.9,UP,DOWN,0
600,5150.0,UP,UP,1
601,5308.25,UP,DOWN,0
602,5017.37,UP,UP,1
603,5048.01,UP,DOWN,0
604,5045.22,UP,UP,1
605,5131.3,UP,DOWN,0
606,5024.95,UP,UP,1
607,5173.72,UP,UP,1
608,5202.82,UP,UP,1
609,5258.44,UP,UP,1
610,5258.68,UP,UP,1
611,5291.73,UP,DOWN,0
612,5256.14,UP,UP,1
613,5357.14,UP,UP,1
614,5493.31,UP,DOWN,0
615,5415.0,UP,DOWN,0
616,5219.9,UP,UP,1
617,5314.1,UP,DOWN,0
618,5295.69,UP,UP,1
619,5307.52,UP,DOWN,0
620,5238.14,UP,UP,1
621,5320.81,UP,UP,1
622,5383.2,UP,UP,1
623,5492.87,UP,UP,1
624,5772.69,UP,UP,1
625,5829.45,UP,DOWN,0
626,5775.62,UP,DOWN,0
627,5747.79,UP,UP,1
628,5846.34,UP,UP,1
629,5987.29,UP,UP,1
630,6209.18,UP,UP,1
631,6373.33,UP,UP,1
632,7076.22,UP,DOWN,0
633,6967.31,UP,UP,1
634,7790.71,UP,UP,1
635,7947.56,UP,UP,1
636,8169.87,UP,DOWN,0
637,7866.59,UP,DOWN,0
638,7355.26,UP,DOWN,0
639,7257.45,UP,UP,1
640,8148.48,UP,DOWN,0
641,7938.15,UP,DOWN,0
642,7904.87,UP,DOWN,0
643,7628.43,SIDE,UP,0
644,7851.51,SIDE,UP,0
645,7964.87,SIDE,UP,0
646,8025.41,SIDE,UP,0
647,8614.43,SIDE,UP,0
648,8756.32,SIDE,DOWN,0
649,8715.64,SIDE,DOWN,0
650,8645.68,SIDE,DOWN,0
651,8269.54,UP,UP,1
652,8555.0,UP,DOWN,0
653,8544.07,UP,UP,1
654,8725.98,UP,DOWN,0
655,8115.82,UP,DOWN,0
656,7687.03,UP,UP,1
657,7776.5,SIDE,UP,0
658,7786.7,SIDE,UP,0
659,7980.53,SIDE,DOWN,0
660,7893.62,SIDE,DOWN,0
661,7628.13,DOWN,UP,0
662,7982.75,DOWN,DOWN,1
663,7884.9,DOWN,UP,0
664,8127.64,SIDE,UP,0
665,8218.54,SIDE,UP,0
666,8650.0,SIDE,UP,0
667,8808.7,SIDE,UP,0
668,8953.33,SIDE,UP,0
669,9313.96,SIDE,DOWN,0
670,9081.55,SIDE,UP,0
671,9255.49,SIDE,UP,0
672,9517.12,UP,UP,1
673,10159.86,UP,UP,1
674,10729.5,UP,UP,1
675,10906.07,UP,UP,1
676,11056.59,UP,UP,1
677,11820.86,UP,UP,1
678,13093.8,UP,DOWN,0
679,11329.99,UP,UP,1
680,12400.63,UP,DOWN,0
681,11903.13,UP,DOWN,0
682,10854.1,UP,DOWN,0
683,10624.93,UP,UP,1
684,10842.85,UP,UP,1
685,11940.0,UP,DOWN,0
686,11145.67,UP,DOWN,0
687,10970.73,UP,UP,1
688,11256.49,UP,UP,1
689,11406.24,SIDE,UP,0
690,12238.6,SIDE,UP,0
691,12543.41,SIDE,DOWN,0
692,12108.37,SIDE,DOWN,0
693,11342.89,SIDE,UP,0
694,11757.22,SIDE,DOWN,0
695,11355.76,UP,DOWN,0
696,10174.18,UP,UP,1
697,10838.72,UP,DOWN,0
698,9439.59,UP,UP,1
699,9667.92,UP,UP,1
700,10627.16,UP,DOWN,0
701,10504.29,UP,UP,1
702,10740.23,SIDE,DOWN,0
703,10589.45,SIDE,DOWN,0
704,10340.31,SIDE,DOWN,0
705,9864.91,DOWN,DOWN,1
706,9763.28,DOWN,UP,0
707,9879.87,DOWN,DOWN,1
708,9824.0,DOWN,DOWN,1
709,9476.52,SIDE,UP,0
710,9541.54,SIDE,DOWN,0
711,9507.64,SIDE,UP,0
712,9574.21,SIDE,UP,0
713,10080.53,DOWN,UP,0
714,10374.99,DOWN,UP,0
715,10523.75,DOWN,UP,0
716,10816.86,DOWN,UP,0
717,10929.23,DOWN,UP,0
718,11828.8,DOWN,DOWN,1
719,11481.69,DOWN,UP,0
720,11975.03,DOWN,UP,0
721,11999.77,DOWN,DOWN,1
722,11879.99,SIDE,DOWN,0
723,11309.31,SIDE,UP,0
724,11549.97,SIDE,DOWN,0
725,11396.08,SIDE,DOWN,0
726,10892.71,SIDE,DOWN,0
727,10050.37,SIDE,UP,0
728,10293.93,SIDE,UP,0
729,10331.54,SIDE,DOWN,0
730,10216.02,SIDE,UP,0
731,10306.78,SIDE,UP,0
732,10915.54,UP,DOWN,0
733,10760.51,UP,DOWN,0
734,10142.57,UP,DOWN,0
735,10099.88,UP,UP,1
736,10389.55,SIDE,DOWN,0
737,10134.35,SIDE,UP,0
738,10142.69,SIDE,UP,0
739,10372.25,SIDE,DOWN,0
740,10185.05,SIDE,DOWN,0
741,9721.0,SIDE,DOWN,0
742,9498.44,SIDE,UP,0
743,9584.54,SIDE,UP,0
744,9587.47,SIDE,UP,0
745,9724.98,DOWN,UP,0
746,10340.0,DOWN,UP,0
747,10615.28,DOWN,DOWN,1
748,10567.02,DOWN,DOWN,1
749,10564.49,DOWN,DOWN,1
750,10298.73,DOWN,UP,0
751,10455.88,DOWN,DOWN,1
752,10381.18,DOWN,DOWN,1
753,10303.12,UP,DOWN,0
754,10098.15,UP,UP,1
755,10158.33,UP,UP,1
756,10415.01,UP,DOWN,0
757,10342.06,UP,DOWN,0
758,10335.02,UP,DOWN,0
759,10302.01,SIDE,DOWN,0
760,10251.31,SIDE,DOWN,0
761,10187.82,SIDE,DOWN,0
762,10156.99,SIDE,UP,0
763,10244.29,SIDE,DOWN,0
764,10168.59,SIDE,DOWN,0
765,9986.39,SIDE,UP,0
766,10028.87,DOWN,DOWN,1
767,9702.25,DOWN,DOWN,1
768,8493.14,DOWN,DOWN,1
769,8430.05,DOWN,DOWN,1
770,8063.73,DOWN,UP,0
771,8177.91,DOWN,UP,0
772,8198.81,DOWN,DOWN,1
773,8043.82,DOWN,UP,0
774,8289.34,DOWN,UP,0
775,8292.44,DOWN,UP,0
776,8359.94,DOWN,DOWN,1
777,8223.96,DOWN,DOWN,1
778,8137.13,DOWN,DOWN,1
779,8126.19,DOWN,DOWN,1
780,7854.25,DOWN,UP,0
781,8190.09,DOWN,DOWN,1
782,8168.39,DOWN,UP,0
783,8560.74,DOWN,DOWN,1
784,8558.03,SIDE,DOWN,0
785,8258.5,SIDE,UP,0
786,8300.09,SIDE,DOWN,0
787,8275.01,SIDE,UP,0
788,8348.2,UP,DOWN,0
789,8159.29,UP,DOWN,0
790,7991.74,UP,UP,1
791,8070.58,UP,DOWN,0
792,7947.01,UP,UP,1
793,7948.01,UP,UP,1
794,8223.35,UP,DOWN,0
795,8197.27,UP,DOWN,0
796,8020.0,UP,DOWN,0
797,7466.62,UP,DOWN,0
798,7412.41,SIDE,UP,0
799,8655.02,SIDE,UP,0
800,9230.0,DOWN,UP,0
801,9529.93,DOWN,DOWN,1
802,9205.14,DOWN,UP,0
803,9407.62,SIDE,DOWN,0
804,9154.72,SIDE,DOWN,0
805,9140.85,SIDE,UP,0
806,9231.61,SIDE,UP,0
807,9289.52,SIDE,DOWN,0
808,9194.71,UP,UP,1
809,9393.35,UP,DOWN,0
810,9308.66,UP,UP,1
811,9339.05,UP,DOWN,0
812,9216.2,SIDE,DOWN,0
813,8773.73,SIDE,UP,0
814,8809.41,SIDE,UP,0
815,9039.47,SIDE,DOWN,0
816,8733.27,DOWN,UP,0
817,8821.94,DOWN,DOWN,1
818,8777.12,DOWN,DOWN,1
819,8646.68,DOWN,DOWN,1
820,8471.73,DOWN,UP,0
821,8491.02,DOWN,UP,0
822,8502.4,DOWN,DOWN,1
823,8187.17,DOWN,DOWN,1
824,8133.64,DOWN,DOWN,1
825,8098.01,DOWN,DOWN,1
826,7627.74,DOWN,DOWN,1
827,7268.23,DOWN,UP,0
828,7311.57,DOWN,DOWN,1
829,6903.28,DOWN,UP,0
830,7109.57,DOWN,UP,0
831,7156.14,DOWN,UP,0
832,7508.52,DOWN,DOWN,1
833,7419.49,DOWN,UP,0
834,7739.68,DOWN,DOWN,1
835,7541.89,DOWN,DOWN,1
836,7390.89,DOWN,DOWN,1
837,7294.28,DOWN,DOWN,1
838,7292.71,DOWN,DOWN,1
839,7194.32,DOWN,UP,0
840,7389.0,DOWN,UP,0
841,7527.47,DOWN,DOWN,1
842,7488.21,SIDE,UP,0
843,7510.11,SIDE,DOWN,0
844,7338.64,SIDE,DOWN,0
845,7224.13,SIDE,DOWN,0
846,7210.0,SIDE,DOWN,0
847,7198.08,SIDE,UP,0
848,7258.48,SIDE,DOWN,0
849,7064.05,SIDE,UP,0
850,7118.59,SIDE,DOWN,0
851,6891.72,SIDE,DOWN,0
852,6623.82,SIDE,UP,0
853,7277.83,SIDE,DOWN,0
854,7150.3,SIDE,UP,0
855,7187.83,SIDE,DOWN,0
856,7132.75,DOWN,UP,0
857,7501.44,DOWN,DOWN,1
858,7317.09,DOWN,DOWN,1
859,7255.77,DOWN,DOWN,1
860,7204.63,DOWN,DOWN,1
861,7202.0,SIDE,UP,0
862,7254.74,SIDE,UP,0
863,7316.14,SIDE,UP,0
864,7388.24,SIDE,DOWN,0
865,7246.0,UP,DOWN,0
866,7195.23,UP,UP,1
867,7200.85,SIDE,DOWN,0
868,6965.71,SIDE,UP,0
869,7344.96,SIDE,UP,0
870,7354.11,SIDE,UP,0
871,7358.75,SIDE,UP,0
872,7758.0,DOWN,UP,0
873,8145.28,DOWN,DOWN,1
874,8055.98,DOWN,DOWN,1
875,7817.76,DOWN,UP,0
876,8197.02,DOWN,DOWN,1
877,8020.01,SIDE,UP,0
878,8184.98,SIDE,DOWN,0
879,8110.34,UP,UP,1
880,8810.01,SIDE,UP,0
881,8821.41,SIDE,DOWN,0
882,8720.01,SIDE,UP,0
883,8913.28,SIDE,UP,0
884,8915.96,SIDE,DOWN,0
885,8701.7,SIDE,DOWN,0
886,8642.35,SIDE,UP,0
887,8736.03,SIDE,DOWN,0
888,8682.36,UP,DOWN,0
889,8404.52,UP,UP,1
890,8439.0,UP,DOWN,0
891,8340.58,UP,UP,1
892,8615.0,UP,UP,1
893,8907.57,DOWN,UP,0
894,9374.21,DOWN,DOWN,1
895,9301.53,DOWN,UP,0
896,9513.21,DOWN,DOWN,1
897,9352.89,DOWN,UP,0
898,9384.61,DOWN,DOWN,1
899,9331.51,SIDE,DOWN,0
900,9292.24,SIDE,DOWN,0
901,9197.02,SIDE,UP,0
902,9612.04,SIDE,UP,0
903,9772.0,SIDE,UP,0
904,9813.73,UP,UP,1
905,9895.05,UP,UP,1
906,10151.75,UP,DOWN,0
907,9851.83,UP,UP,1
908,10223.08,UP,UP,1
909,10326.46,UP,DOWN,0
910,10229.63,UP,UP,1
911,10344.36,UP,DOWN,0
912,9904.72,UP,UP,1
913,9917.27,UP,DOWN,0
914,9706.0,UP,UP,1
915,10164.71,UP,DOWN,0
916,9593.79,UP,UP,1
917,9596.42,UP,UP,1
918,9677.05,UP,DOWN,0
919,9650.86,UP,UP,1
920,9936.4,UP,DOWN,0
921,9656.13,UP,DOWN,0
922,9315.84,UP,DOWN,0
923,8785.25,SIDE,UP,0
924,8823.21,SIDE,DOWN,0
925,8692.91,SIDE,DOWN,0
926,8523.61,SIDE,UP,0
927,8531.88,SIDE,UP,0
928,8915.24,SIDE,DOWN,0
929,8760.07,SIDE,DOWN,0
930,8750.87,DOWN,UP,0
931,9054.68,DOWN,UP,0
932,9131.88,DOWN,DOWN,1
933,8886.66,DOWN,DOWN,1
934,8033.31,DOWN,DOWN,1
935,7929.87,DOWN,DOWN,1
936,7894.56,DOWN,UP,0
937,7934.52,DOWN,DOWN,1
938,4800.0,DOWN,UP,0
939,5578.6,DOWN,DOWN,1
940,5172.06,DOWN,UP,0
941,5361.3,DOWN,DOWN,1
942,5028.97,DOWN,UP,0
943,5312.64,DOWN,UP,0
944,5393.04,DOWN,UP,0
945,6162.37,DOWN,UP,0
946,6208.36,DOWN,DOWN,1
947,6186.98,DOWN,DOWN,1
948,5816.19,DOWN,UP,0
949,6467.31,DOWN,UP,0
950,6744.72,DOWN,DOWN,1
951,6677.43,DOWN,UP,0
952,6737.36,SIDE,DOWN,0
953,6359.11,SIDE,DOWN,0
954,6236.65,UP,DOWN,0
955,5881.42,UP,UP,1
956,6394.38,UP,UP,1
957,6410.44,UP,UP,1
958,6642.92,UP,UP,1
959,6794.09,UP,DOWN,0
960,6734.1,UP,UP,1
961,6856.99,UP,DOWN,0
962,6772.78,UP,UP,1
963,7329.9,UP,DOWN,0
964,7197.32,UP,UP,1
965,7361.28,UP,DOWN,0
966,7283.54,UP,DOWN,0
967,6858.92,UP,UP,1
968,6876.83,UP,UP,1
969,6903.79,UP,DOWN,0
970,6837.91,UP,UP,1
971,6868.7,UP,DOWN,0
972,6621.24,UP,UP,1
973,7101.94,UP,DOWN,0
974,7027.55,UP,UP,1
975,7248.6,UP,DOWN,0
976,7120.74,UP,DOWN,0
977,6826.83,UP,UP,1
978,6841.37,SIDE,UP,0
979,7125.14,SIDE,UP,0
980,7482.39,SIDE,UP,0
981,7505.0,SIDE,UP,0
982,7538.67,SIDE,UP,0
983,7693.1,UP,UP,1
984,7774.62,UP,DOWN,0
985,7738.98,UP,UP,1
986,8778.57,UP,DOWN,0
987,8620.0,UP,UP,1
988,8826.96,UP,UP,1
989,8972.05,UP,DOWN,0
990,8894.16,UP,DOWN,0
991,8871.96,UP,UP,1
992,9021.83,UP,UP,1
993,9142.92,UP,UP,1
994,9986.4,UP,DOWN,0
995,9800.01,UP,DOWN,0
996,9539.4,UP,DOWN,0
997,8722.77,UP,DOWN,0
998,8561.52,UP,UP,1
999,8810.79,UP,UP,1
1000,9309.37,SIDE,UP,0
1001,9791.98,SIDE,DOWN,0
1002,9316.42,SIDE,UP,0
1003,9381.27,SIDE,UP,0
1004,9680.04,DOWN,UP,0
1005,9733.93,DOWN,UP,0
1006,9775.53,DOWN,DOWN,1
1007,9511.43,DOWN,DOWN,1
1008,9068.65,DOWN,UP,0
1009,9170.0,DOWN,UP,0
1010,9179.15,DOWN,DOWN,1
1011,8720.34,SIDE,UP,0
1012,8900.35,SIDE,DOWN,0
1013,8841.18,SIDE,UP,0
1014,9204.07,SIDE,UP,0
1015,9575.89,SIDE,DOWN,0
1016,9427.07,SIDE,UP,0
1017,9697.72,SIDE,DOWN,0
1018,9448.27,SIDE,UP,0
1019,10200.77,SIDE,DOWN,0
1020,9518.04,SIDE,UP,0
1021,9666.24,SIDE,UP,0
1022,9789.06,UP,DOWN,0
1023,9621.16,UP,UP,1
1024,9666.3,UP,UP,1
1025,9746.99,UP,UP,1
1026,9782.01,UP,DOWN,0
1027,9772.43,UP,UP,1
1028,9885.0,UP,DOWN,0
1029,9280.4,UP,UP,1
1030,9465.13,UP,UP,1
1031,9473.34,SIDE,DOWN,0
1032,9342.1,DOWN,UP,0
1033,9426.02,DOWN,UP,0
1034,9525.59,DOWN,DOWN,1
1035,9465.14,DOWN,DOWN,1
1036,9386.32,DOWN,DOWN,1
1037,9310.23,DOWN,UP,0
1038,9358.95,DOWN,DOWN,1
1039,9294.69,DOWN,UP,0
1040,9685.69,DOWN,DOWN,1
1041,9624.89,SIDE,DOWN,0
1042,9296.49,SIDE,DOWN,0
1043,9249.49,UP,DOWN,0
1044,9162.21,UP,DOWN,0
1045,9012.0,UP,UP,1
1046,9116.35,UP,UP,1
1047,9192.56,UP,DOWN,0
1048,9138.55,SIDE,UP,0
1049,9232.0,SIDE,DOWN,0
1050,9086.54,SIDE,DOWN,0
1051,9058.26,SIDE,UP,0
1052,9135.46,DOWN,DOWN,1
1053,9069.41,SIDE,UP,0
1054,9344.2,SIDE,DOWN,0
1055,9257.39,SIDE,UP,0
1056,9436.06,SIDE,DOWN,0
1057,9232.43,SIDE,UP,0
1058,9288.34,SIDE,DOWN,0
1059,9234.03,UP,UP,1
1060,9302.75,UP,DOWN,0
1061,9242.62,UP,UP,1
1062,9255.85,UP,DOWN,0
1063,9197.6,SIDE,DOWN,0
1064,9133.72,SIDE,UP,0
1065,9154.32,SIDE,UP,0
1066,9170.28,SIDE,UP,0
1067,9208.99,DOWN,DOWN,1
1068,9160.78,DOWN,UP,0
1069,9390.0,DOWN,UP,0
1070,9518.16,DOWN,UP,0
1071,9603.27,DOWN,DOWN,1
1072,9537.8,DOWN,UP,0
1073,9700.42,DOWN,UP,0
1074,9931.54,DOWN,UP,0
1075,11029.96,DOWN,DOWN,1
1076,10906.27,DOWN,UP,0
1077,11100.53,DOWN,DOWN,1
1078,11099.61,SIDE,UP,0
1079,11335.46,SIDE,UP,0
1080,11801.17,SIDE,DOWN,0
1081,11071.35,SIDE,UP,0
1082,11219.81,SIDE,DOWN,0
1083,11191.97,SIDE,UP,0
1084,11744.91,UP,UP,1
1085,11762.46,UP,DOWN,0
1086,11594.23,UP,UP,1
1087,11761.41,UP,DOWN,0
1088,11681.68,UP,UP,1
1089,11892.92,SIDE,DOWN,0
1090,11392.08,SIDE,UP,0
1091,11564.33,SIDE,UP,0
1092,11780.0,SIDE,DOWN,0
1093,11760.54,SIDE,UP,0
1094,11852.4,SIDE,UP,0
1095,11911.0,SIDE,UP,0
1096,12281.13,SIDE,DOWN,0
1097,11945.01,SIDE,DOWN,0
1098,11754.59,SIDE,UP,0
1099,11853.55,UP,DOWN,0
1100,11531.34,UP,UP,1
1101,11662.96,UP,DOWN,0
1102,11648.13,UP,UP,1
1103,11748.2,UP,DOWN,0
1104,11318.42,UP,UP,1
1105,11461.43,UP,DOWN,0
1106,11330.38,SIDE,UP,0
1107,11526.91,DOWN,DOWN,1
1108,11465.84,DOWN,UP,0
1109,11711.16,DOWN,DOWN,1
1110,11649.51,DOWN,UP,0
1111,11921.97,DOWN,DOWN,1
1112,11388.54,DOWN,DOWN,1
1113,10140.85,DOWN,UP,0
1114,10446.25,SIDE,DOWN,0
1115,10166.69,SIDE,UP,0
1116,10256.2,SIDE,UP,0
1117,10373.44,SIDE,DOWN,0
1118,10126.65,SIDE,UP,0
1119,10219.2,SIDE,UP,0
1120,10336.87,SIDE,UP,0
1121,10387.89,SIDE,UP,0
1122,10440.92,SIDE,DOWN,0
1123,10332.83,DOWN,UP,0
1124,10671.77,DOWN,UP,0
1125,10785.31,DOWN,UP,0
1126,10954.01,DOWN,DOWN,1
1127,10939.99,DOWN,DOWN,1
1128,10933.39,DOWN,UP,0
1129,11080.65,DOWN,DOWN,1
1130,10920.28,DOWN,DOWN,1
1131,10417.22,DOWN,UP,0
1132,10529.61,DOWN,DOWN,1
1133,10241.46,DOWN,UP,0
1134,10736.32,DOWN,DOWN,1
1135,10686.67,DOWN,UP,0
1136,10728.6,SIDE,UP,0
1137,10774.25,SIDE,DOWN,0
1138,10696.12,SIDE,UP,0
1139,10840.48,SIDE,DOWN,0
1140,10776.59,SIDE,DOWN,0
1141,10619.13,SIDE,DOWN,0
1142,10570.4,SIDE,DOWN,0
1143,10542.06,SIDE,UP,0
1144,10666.63,SIDE,UP,0
1145,10792.21,SIDE,DOWN,0
1146,10599.66,SIDE,UP,0
1147,10666.39,SIDE,UP,0
1148,10925.57,SIDE,UP,0
1149,11050.64,SIDE,UP,0
1150,11293.22,SIDE,UP,0
1151,11369.02,SIDE,UP,0
1152,11528.25,SIDE,DOWN,0
1153,11420.56,SIDE,DOWN,0
1154,11417.89,SIDE,UP,0
1155,11505.12,UP,DOWN,0
1156,11319.32,UP,UP,1
1157,11360.2,UP,UP,1
1158,11503.14,UP,UP,1
1159,11751.47,UP,UP,1
1160,11909.99,UP,UP,1
1161,12780.96,UP,UP,1
1162,12968.52,UP,DOWN,0
1163,12923.07,UP,UP,1
1164,13111.73,UP,DOWN,0
1165,13028.83,UP,UP,1
1166,13052.19,UP,UP,1
1167,13636.17,UP,DOWN,0
1168,13266.4,UP,UP,1
1169,13455.7,UP,UP,1
1170,13560.1,UP,UP,1
1171,13791.0,UP,DOWN,0
1172,13761.5,UP,DOWN,0
1173,13549.37,UP,UP,1
1174,14023.53,UP,UP,1
1175,14144.01,UP,UP,1
1176,15590.02,UP,DOWN,0
1177,15579.92,UP,DOWN,0
1178,14818.3,UP,UP,1
1179,15475.1,UP,DOWN,0
1180,15328.41,UP,DOWN,0
1181,15297.21,UP,UP,1
1182,15684.24,UP,UP,1
1183,16291.86,UP,UP,1
1184,16320.7,UP,DOWN,0
1185,16070.45,UP,DOWN,0
1186,15957.0,UP,UP,1
1187,16713.57,UP,UP,1
1188,17659.38,UP,UP,1
1189,17776.12,UP,UP,1
1190,17802.82,UP,UP,1
1191,18655.67,UP,UP,1
1192,18703.8,UP,DOWN,0
1193,18414.43,UP,DOWN,0
1194,18368.0,UP,UP,1
1195,19160.01,UP,DOWN,0
1196,18719.11,UP,DOWN,0
1197,17149.47,UP,DOWN,0
1198,17139.52,UP,UP,1
1199,17719.85,UP,UP,1
1200,18184.99,SIDE,UP,0
1201,19695.87,SIDE,DOWN,0
1202,18764.96,SIDE,UP,0
1203,19204.09,SIDE,UP,0
1204,19421.9,SIDE,DOWN,0
1205,18650.52,SIDE,UP,0
1206,19147.66,SIDE,UP,0
1207,19359.4,SIDE,DOWN,0
1208,19166.9,SIDE,DOWN,0
1209,18324.11,UP,UP,1
1210,18541.28,UP,DOWN,0
1211,18254.63,SIDE,DOWN,0
1212,18036.53,SIDE,UP,0
1213,18808.69,SIDE,UP,0
1214,19174.99,SIDE,UP,0
1215,19273.14,DOWN,UP,0
1216,19426.43,DOWN,UP,0
1217,21335.52,DOWN,UP,0
1218,22797.16,DOWN,UP,0
1219,23107.39,DOWN,UP,0
1220,23821.61,DOWN,DOWN,1
1221,23455.52,DOWN,DOWN,1
1222,22719.71,DOWN,UP,0
1223,23810.79,DOWN,DOWN,1
1224,23232.76,SIDE,UP,0
1225,23729.2,UP,UP,1
1226,24712.47,UP,UP,1
1227,26493.39,UP,DOWN,0
1228,26281.66,UP,UP,1
1229,27079.41,UP,UP,1
1230,27385.0,UP,UP,1
1231,28875.54,UP,UP,1
1232,28923.63,UP,UP,1
1233,29331.69,UP,UP,1
1234,32178.33,UP,UP,1
1235,33000.05,UP,DOWN,0
1236,31988.71,UP,UP,1
1237,33949.53,UP,UP,1
1238,36769.36,UP,UP,1
1239,39432.28,UP,UP,1
1240,40582.81,UP,DOWN,0
1241,40088.22,UP,DOWN,0
1242,38150.02,UP,DOWN,0
1243,35404.47,UP,DOWN,0
1244,34051.24,UP,UP,1
1245,37371.38,UP,UP,1
1246,39144.5,UP,DOWN,0
1247,36742.22,UP,DOWN,0
1248,35994.98,UP,DOWN,0
1249,35828.61,SIDE,UP,0
1250,36631.27,SIDE,DOWN,0
1251,35891.49,SIDE,DOWN,0
1252,35468.23,SIDE,DOWN,0
1253,30850.13,SIDE,UP,0
1254,32945.17,SIDE,DOWN,0
1255,32078.0,SIDE,UP,0
1256,32259.9,SIDE,DOWN,0
1257,32254.2,DOWN,UP,0
1258,32467.77,DOWN,DOWN,1
1259,30366.15,DOWN,UP,0
1260,33364.86,DOWN,UP,0
1261,34252.2,DOWN,UP,0
1262,34262.88,SIDE,DOWN,0
1263,33092.98,SIDE,UP,0
1264,33526.37,UP,UP,1
1265,35466.24,UP,UP,1
1266,37618.87,UP,DOWN,0
1267,36936.66,UP,UP,1
1268,38290.24,UP,UP,1
1269,39186.94,UP,DOWN,0
1270,38795.69,UP,UP,1
1271,46374.87,UP,UP,1
1272,46420.42,UP,DOWN,0
1273,44807.58,UP,UP,1
1274,47969.51,UP,DOWN,0
1275,47287.6,UP,DOWN,0
1276,47153.69,UP,UP,1
1277,48577.79,UP,DOWN,0
1278,47911.1,UP,UP,1
1279,49133.45,UP,UP,1
1280,52119.71,UP,DOWN,0
1281,51552.6,UP,UP,1
1282,55906.0,UP,DOWN,0
1283,55841.19,UP,UP,1
1284,57408.57,UP,DOWN,0
1285,54087.67,UP,DOWN,0
1286,48891.0,UP,UP,1
1287,49676.2,UP,DOWN,0
1288,47073.73,UP,DOWN,0
1289,46276.87,SIDE,DOWN,0
1290,46106.43,SIDE,DOWN,0
1291,45135.66,SIDE,UP,0
1292,49587.03,SIDE,DOWN,0
1293,48440.65,SIDE,UP,0
1294,50349.37,SIDE,DOWN,0
1295,48374.09,SIDE,UP,0
1296,48751.71,SIDE,UP,0
1297,48882.2,DOWN,UP,0
1298,50971.75,DOWN,UP,0
1299,52375.17,SIDE,UP,0
1300,54884.5,SIDE,UP,0
1301,55851.59,SIDE,UP,0
1302,57773.16,SIDE,DOWN,0
1303,57221.72,SIDE,UP,0
1304,61188.39,SIDE,DOWN,0
1305,58968.31,SIDE,DOWN,0
1306,55605.2,SIDE,UP,0
1307,56900.75,UP,UP,1
1308,58912.97,UP,DOWN,0
1309,57648.16,UP,UP,1
1310,58030.01,UP,UP,1
1311,58102.28,UP,DOWN,0
1312,57351.56,SIDE,DOWN,0
1313,54083.25,SIDE,UP,0
1314,54340.89,SIDE,DOWN,0
1315,52303.65,SIDE,DOWN,0
1316,51293.78,SIDE,UP,0
1317,55025.59,SIDE,UP,0
1318,55817.14,SIDE,DOWN,0
1319,55777.63,DOWN,UP,0
1320,57635.47,DOWN,UP,0
1321,58746.57,DOWN,DOWN,1
1322,58740.55,DOWN,DOWN,1
1323,58720.44,DOWN,UP,0
1324,58950.01,DOWN,DOWN,1
1325,57051.94,DOWN,UP,0
1326,58202.01,DOWN,UP,0
1327,59129.99,SIDE,DOWN,0
1328,57991.15,SIDE,DOWN,0
1329,55953.45,UP,UP,1
1330,58077.52,UP,UP,1
1331,58142.54,SIDE,UP,0
1332,59769.13,DOWN,UP,0
1333,60002.43,DOWN,DOWN,1
1334,59860.0,DOWN,UP,0
1335,63575.0,SIDE,DOWN,0
1336,62959.53,SIDE,UP,0
1337,63159.98,SIDE,DOWN,0
1338,61334.8,SIDE,DOWN,0
1339,60006.66,SIDE,DOWN,0
1340,56150.01,SIDE,DOWN,0
1341,55633.14,SIDE,UP,0
1342,56425.0,SIDE,DOWN,0
1343,53787.63,SIDE,DOWN,0
1344,51690.96,SIDE,DOWN,0
1345,51125.14,SIDE,DOWN,0
1346,50047.84,SIDE,DOWN,0
1347,49066.77,SIDE,UP,0
1348,54001.39,SIDE,UP,0
1349,55011.97,SIDE,DOWN,0
1350,54846.22,SIDE,DOWN,0
1351,53555.0,SIDE,UP,0
1352,57694.27,SIDE,UP,0
1353,57800.37,SIDE,DOWN,0
1354,56578.21,SIDE,UP,0
1355,57169.39,SIDE,DOWN,0
1356,53200.01,SIDE,UP,0
1357,57436.11,SIDE,DOWN,0
1358,56393.68,DOWN,UP,0
1359,57314.75,DOWN,UP,0
1360,58862.05,SIDE,DOWN,0
1361,58240.84,SIDE,DOWN,0
1362,55816.14,SIDE,UP,0
1363,56670.02,UP,DOWN,0
1364,49631.32,UP,UP,1
1365,49670.97,UP,UP,1
1366,49841.45,UP,DOWN,0
1367,46762.99,UP,DOWN,0
1368,46431.5,SIDE,DOWN,0
1369,43538.04,SIDE,DOWN,0
1370,42849.78,SIDE,DOWN,0
1371,36690.09,SIDE,UP,0
1372,40526.64,SIDE,DOWN,0
1373,37252.01,SIDE,UP,0
1374,37449.73,SIDE,DOWN,0
1375,34655.25,SIDE,UP,0
1376,38796.29,SIDE,DOWN,0
1377,38324.72,SIDE,UP,0
1378,39241.91,SIDE,DOWN,0
1379,38529.98,SIDE,DOWN,0
1380,35663.49,SIDE,DOWN,0
1381,34605.15,DOWN,UP,0
1382,35641.27,DOWN,UP,0
1383,37253.81,DOWN,DOWN,1
1384,36693.09,DOWN,UP,0
1385,37568.68,SIDE,UP,0
1386,39246.79,SIDE,DOWN,0
1387,36829.0,SIDE,DOWN,0
1388,35513.2,SIDE,UP,0
1389,35796.31,SIDE,DOWN,0
1390,33552.79,SIDE,DOWN,0
1391,33380.81,SIDE,UP,0
1392,37388.05,SIDE,DOWN,0
1393,36675.72,SIDE,UP,0
1394,37331.98,DOWN,DOWN,1
1395,35546.11,DOWN,UP,0
1396,39020.57,DOWN,UP,0
1397,40516.29,DOWN,DOWN,1
1398,40144.04,SIDE,DOWN,0
1399,38349.01,SIDE,DOWN,0
1400,38092.97,SIDE,DOWN,0
1401,35819.84,UP,DOWN,0
1402,35483.72,UP,UP,1
1403,35600.16,UP,DOWN,0
1404,31608.93,UP,UP,1
1405,32509.56,UP,UP,1
1406,33678.07,UP,UP,1
1407,34663.09,UP,DOWN,0
1408,31584.45,SIDE,UP,0
1409,32283.65,SIDE,UP,0
1410,34700.34,SIDE,DOWN,0
1411,34494.89,DOWN,UP,0
1412,35911.73,SIDE,DOWN,0
1413,35045.0,SIDE,DOWN,0
1414,33504.69,SIDE,UP,0
1415,33786.55,UP,UP,1
1416,34669.13,UP,UP,1
1417,35286.51,UP,DOWN,0
1418,33690.14,UP,UP,1
1419,34220.01,UP,DOWN,0
1420,33862.12,SIDE,DOWN,0
1421,32875.71,SIDE,UP,0
1422,33815.81,SIDE,DOWN,0
1423,33502.87,SIDE,UP,0
1424,34258.99,DOWN,DOWN,1
1425,33086.63,DOWN,DOWN,1
1426,32729.77,DOWN,UP,0
1427,32820.02,DOWN,DOWN,1
1428,31880.0,DOWN,DOWN,1
1429,31383.87,DOWN,UP,0
1430,31520.07,DOWN,UP,0
1431,31778.56,DOWN,DOWN,1
1432,30839.65,DOWN,DOWN,1
1433,29790.35,DOWN,UP,0
1434,32144.51,DOWN,UP,0
1435,32287.83,DOWN,UP,0
1436,33634.09,DOWN,UP,0
1437,34258.14,DOWN,UP,0
1438,35381.02,DOWN,UP,0
1439,37237.6,DOWN,UP,0
1440,39457.87,DOWN,UP,0
1441,40019.56,DOWN,DOWN,1
1442,40016.48,DOWN,UP,0
1443,42206.37,DOWN,DOWN,1
1444,41461.83,DOWN,DOWN,1
1445,39845.44,DOWN,DOWN,1
1446,39147.82,DOWN,DOWN,1
1447,38207.05,DOWN,UP,0
1448,39723.18,SIDE,UP,0
1449,40862.46,SIDE,UP,0
1450,42836.87,SIDE,UP,0
1451,44572.54,SIDE,DOWN,0
1452,43794.37,UP,UP,1
1453,46253.4,UP,DOWN,0
1454,45584.99,UP,DOWN,0
1455,45511.0,UP,DOWN,0
1456,44399.0,UP,UP,1
1457,47800.0,UP,DOWN,0
1458,47068.51,UP,DOWN,0
1459,46973.82,UP,DOWN,0
1460,45901.29,UP,DOWN,0
1461,44695.95,UP,UP,1
1462,44705.29,UP,UP,1
1463,46760.62,UP,UP,1
1464,49322.47,UP,DOWN,0
1465,48821.87,UP,UP,1
1466,49239.22,UP,UP,1
1467,49488.85,UP,DOWN,0
1468,47674.01,UP,UP,1
1469,48973.32,UP,DOWN,0
1470,46843.87,UP,UP,1
1471,49069.9,UP,DOWN,0
1472,48895.35,UP,DOWN,0
1473,48767.83,UP,DOWN,0
1474,46982.91,UP,UP,1
1475,47100.89,UP,UP,1
1476,48810.52,SIDE,UP,0
1477,49246.64,SIDE,UP,0
1478,49999.14,SIDE,DOWN,0
1479,49915.64,SIDE,UP,0
1480,51756.88,SIDE,UP,0
1481,52663.9,SIDE,DOWN,0
1482,46863.73,SIDE,DOWN,0
1483,46048.31,SIDE,UP,0
1484,46395.14,SIDE,DOWN,0
1485,44850.91,SIDE,UP,0
1486,45173.69,SIDE,UP,0
1487,46025.24,SIDE,DOWN,0
1488,44940.73,SIDE,UP,0
1489,47111.52,SIDE,UP,0
1490,48121.41,SIDE,DOWN,0
1491,47737.82,SIDE,DOWN,0
1492,47299.98,SIDE,UP,0
1493,48292.74,SIDE,DOWN,0
1494,47241.75,SIDE,DOWN,0
1495,43015.62,SIDE,DOWN,0
1496,40734.38,DOWN,UP,0
1497,43543.61,DOWN,UP,0
1498,44865.26,DOWN,DOWN,1
1499,42810.57,DOWN,DOWN,1
1500,42670.64,DOWN,UP,0
1501,43160.9,DOWN,DOWN,1
1502,42147.35,DOWN,DOWN,1
1503,41026.54,DOWN,UP,0
1504,41524.28,DOWN,UP,0
1505,43824.1,DOWN,UP,0
1506,48141.61,DOWN,DOWN,1
1507,47634.9,SIDE,UP,0
1508,48200.01,SIDE,UP,0
1509,49224.94,SIDE,UP,0
1510,51471.99,SIDE,UP,0
1511,55315.0,SIDE,DOWN,0
1512,53785.22,SIDE,UP,0
1513,53951.43,SIDE,UP,0
1514,54949.72,SIDE,DOWN,0
1515,54659.0,SIDE,UP,0
1516,57471.35,SIDE,DOWN,0
1517,55996.93,SIDE,UP,0
1518,57367.0,SIDE,DOWN,0
1519,57347.94,UP,UP,1
1520,61672.42,UP,DOWN,0
1521,60875.57,UP,UP,1
1522,61528.33,UP,UP,1
1523,62009.84,UP,UP,1
1524,64280.59,UP,UP,1
1525,66001.41,UP,DOWN,0
1526,62193.15,UP,DOWN,0
1527,60688.22,UP,UP,1
1528,61286.75,UP,DOWN,0
1529,60852.22,UP,UP,1
1530,63078.78,UP,DOWN,0
1531,60328.81,UP,DOWN,0
1532,58413.44,UP,UP,1
1533,60575.89,SIDE,UP,0
1534,62253.71,SIDE,DOWN,0
1535,61859.19,SIDE,DOWN,0
1536,61299.8,DOWN,DOWN,1
1537,60911.11,DOWN,UP,0
1538,63219.99,DOWN,DOWN,1
1539,62896.48,DOWN,DOWN,1
1540,61395.01,SIDE,DOWN,0
1541,60937.12,UP,UP,1
1542,61470.61,UP,UP,1
1543,63273.59,UP,UP,1
1544,67525.83,UP,DOWN,0
1545,66947.66,UP,DOWN,0
1546,64882.43,UP,DOWN,0
1547,64774.26,UP,DOWN,0
1548,64122.23,UP,UP,1
1549,64380.0,UP,UP,1
1550,65519.1,UP,DOWN,0
1551,63606.74,UP,DOWN,0
1552,60058.87,UP,UP,1
1553,60344.87,UP,DOWN,0
1554,56891.62,SIDE,UP,0
1555,58052.24,SIDE,UP,0
1556,59707.51,SIDE,DOWN,0
1557,58622.02,SIDE,DOWN,0
1558,56247.18,DOWN,UP,0
1559,57541.27,DOWN,DOWN,1
1560,57138.29,DOWN,UP,0
1561,58960.36,DOWN,DOWN,1
1562,53726.53,DOWN,UP,0
1563,54721.03,DOWN,UP,0
1564,57274.88,DOWN,UP,0
1565,57776.25,DOWN,DOWN,1
1566,56950.56,DOWN,UP,0
1567,57184.07,DOWN,DOWN,1
1568,56480.34,DOWN,DOWN,1
1569,53601.05,DOWN,DOWN,1
1570,49152.47,DOWN,UP,0
1571,49396.33,DOWN,UP,0
1572,50441.92,DOWN,UP,0
1573,50588.95,DOWN,DOWN,1
1574,50471.19,DOWN,DOWN,1
1575,47545.59,DOWN,DOWN,1
1576,47140.54,DOWN,UP,0
1577,49389.99,DOWN,UP,0
1578,50053.9,DOWN,DOWN,1
1579,46702.75,DOWN,UP,0
1580,48343.28,DOWN,UP,0
1581,48864.98,DOWN,DOWN,1
1582,47632.38,SIDE,DOWN,0
1583,46131.2,SIDE,UP,0
1584,46834.48,SIDE,DOWN,0
1585,46681.23,SIDE,UP,0
1586,46914.16,SIDE,UP,0
1587,48889.88,SIDE,DOWN,0
1588,48588.16,SIDE,UP,0
1589,50838.81,SIDE,DOWN,0
1590,50820.0,SIDE,DOWN,0
1591,50399.66,SIDE,UP,0
1592,50775.49,SIDE,DOWN,0
1593,50701.44,SIDE,DOWN,0
1594,47543.74,SIDE,DOWN,0
1595,46464.66,SIDE,UP,0
1596,47120.87,UP,DOWN,0
1597,46216.93,UP,UP,1
1598,47722.65,UP,DOWN,0
1599,47286.18,UP,DOWN,0
1600,46446.1,UP,DOWN,0
1601,45832.01,UP,DOWN,0
1602,43451.13,UP,DOWN,0
1603,43082.31,UP,DOWN,0
1604,41566.48,UP,UP,1
1605,41679.74,UP,UP,1
1606,41864.62,UP,DOWN,0
1607,41822.49,UP,UP,1
1608,42729.29,UP,UP,1
1609,43902.66,UP,DOWN,0
1610,42560.11,SIDE,UP,0
1611,43059.96,SIDE,UP,0
1612,43084.29,SIDE,DOWN,0
1613,43071.66,DOWN,DOWN,1
1614,42201.62,SIDE,UP,0
1615,42352.12,SIDE,DOWN,0
1616,41660.01,SIDE,DOWN,0
1617,40680.91,SIDE,DOWN,0
1618,36445.31,SIDE,DOWN,0
1619,35071.42,SIDE,UP,0
1620,36244.55,SIDE,UP,0
1621,36660.35,SIDE,UP,0
1622,36958.32,SIDE,DOWN,0
1623,36809.34,SIDE,UP,0
1624,37160.1,DOWN,UP,0
1625,37716.56,DOWN,UP,0
1626,38166.84,DOWN,DOWN,1
1627,37881.76,SIDE,UP,0
1628,38466.9,SIDE,UP,0
1629,38694.59,SIDE,DOWN,0
1630,36896.36,SIDE,UP,0
1631,37311.61,SIDE,UP,0
1632,41574.25,UP,DOWN,0
1633,41382.59,UP,UP,1
1634,42380.87,UP,UP,1
1635,43839.99,UP,UP,1
1636,44042.99,UP,UP,1
1637,44372.72,UP,DOWN,0
1638,43495.44,UP,DOWN,0
1639,42373.73,UP,DOWN,0
1640,42217.87,UP,DOWN,0
1641,42053.66,UP,UP,1
1642,42535.94,UP,UP,1
1643,44544.86,UP,DOWN,0
1644,43873.56,UP,DOWN,0
1645,40515.7,UP,DOWN,0
1646,39974.44,SIDE,UP,0
1647,40079.17,SIDE,DOWN,0
1648,38386.89,SIDE,DOWN,0
1649,37008.16,SIDE,UP,0
1650,38230.33,SIDE,DOWN,0
1651,37250.01,SIDE,UP,0
1652,38327.21,SIDE,UP,0
1653,39219.17,SIDE,DOWN,0
1654,39116.72,SIDE,DOWN,0
1655,37699.07,DOWN,UP,0
1656,43160.0,DOWN,UP,0
1657,44421.2,DOWN,DOWN,1
1658,43892.98,DOWN,DOWN,1
1659,42454.0,DOWN,DOWN,1
1660,39148.66,DOWN,UP,0
1661,39397.96,SIDE,DOWN,0
1662,38420.81,SIDE,DOWN,0
1663,37988.0,SIDE,UP,0
1664,38730.63,SIDE,UP,0
1665,41941.71,SIDE,DOWN,0
1666,39422.0,UP,DOWN,0
1667,38729.57,UP,UP,1
1668,38807.36,SIDE,DOWN,0
1669,37777.34,SIDE,UP,0
1670,39671.37,SIDE,DOWN,0
1671,39280.33,SIDE,UP,0
1672,41114.0,SIDE,DOWN,0
1673,40917.9,SIDE,UP,0
1674,41757.51,SIDE,UP,0
1675,42201.13,SIDE,DOWN,0
1676,41262.11,SIDE,DOWN,0
1677,41002.25,SIDE,UP,0
1678,42364.13,SIDE,UP,0
1679,42882.76,SIDE,UP,0
1680,43991.46,SIDE,UP,0
1681,44313.16,SIDE,UP,0
1682,44511.27,SIDE,UP,0
1683,46827.76,SIDE,UP,0
1684,47122.21,SIDE,UP,0
1685,47434.8,SIDE,DOWN,0
1686,47067.99,SIDE,DOWN,0
1687,45510.34,UP,UP,1
1688,46283.49,UP,DOWN,0
1689,45811.0,UP,UP,1
1690,46407.35,UP,UP,1
1691,46580.51,UP,DOWN,0
1692,45497.55,UP,DOWN,0
1693,43170.47,SIDE,UP,0
1694,43444.19,SIDE,DOWN,0
1695,42252.01,SIDE,UP,0
1696,42753.97,SIDE,DOWN,0
1697,42158.85,SIDE,DOWN,0
1698,39530.45,SIDE,UP,0
1699,40074.94,SIDE,UP,0
1700,41147.79,SIDE,DOWN,0
1701,39942.38,DOWN,UP,0
1702,40551.9,DOWN,DOWN,1
1703,40378.71,DOWN,DOWN,1
1704,39678.12,DOWN,UP,0
1705,40801.13,DOWN,UP,0
1706,41493.18,DOWN,DOWN,1
1707,41358.19,DOWN,DOWN,1
1708,40480.01,DOWN,DOWN,1
1709,39709.18,DOWN,DOWN,1
1710,39441.6,DOWN,UP,0
1711,39450.13,DOWN,UP,0
1712,40426.08,DOWN,DOWN,1
1713,38112.65,DOWN,UP,0
1714,39235.72,DOWN,UP,0
1715,39742.07,DOWN,DOWN,1
1716,38596.11,DOWN,DOWN,1
1717,37630.8,DOWN,UP,0
1718,38468.35,DOWN,UP,0
1719,38525.16,DOWN,DOWN,1
1720,37728.95,DOWN,UP,0
1721,39690.0,DOWN,DOWN,1
1722,36552.97,DOWN,DOWN,1
1723,36013.77,DOWN,DOWN,1
1724,35472.39,DOWN,DOWN,1
1725,34038.4,DOWN,DOWN,1
1726,30076.31,DOWN,UP,0
1727,31017.1,DOWN,DOWN,1
1728,29103.94,DOWN,DOWN,1
1729,29029.75,DOWN,UP,0
1730,29287.05,DOWN,UP,0
1731,30086.74,DOWN,UP,0
1732,31328.89,DOWN,DOWN,1
1733,29874.01,DOWN,UP,0
1734,30444.93,DOWN,DOWN,1
1735,28715.32,DOWN,UP,0
1736,30319.23,DOWN,DOWN,1
1737,29201.01,DOWN,UP,0
1738,29445.06,SIDE,UP,0
1739,30293.94,SIDE,DOWN,0
1740,29109.15,SIDE,UP,0
1741,29654.58,SIDE,DOWN,0
1742,29542.15,SIDE,DOWN,0
1743,29201.35,SIDE,DOWN,0
1744,28629.8,SIDE,UP,0
1745,29031.33,SIDE,UP,0
1746,29468.1,DOWN,UP,0
1747,31734.22,DOWN,UP,0
1748,31801.04,DOWN,DOWN,1
1749,29805.83,DOWN,UP,0
1750,30452.62,DOWN,DOWN,1
1751,29700.21,SIDE,UP,0
1752,29864.04,SIDE,UP,0
1753,29919.21,SIDE,UP,0
1754,31373.1,UP,DOWN,0
1755,31125.33,UP,DOWN,0
1756,30204.77,UP,DOWN,0
1757,30109.93,SIDE,DOWN,0
1758,29091.88,DOWN,DOWN,1
1759,28424.7,DOWN,DOWN,1
1760,26574.53,DOWN,DOWN,1
1761,22487.41,DOWN,DOWN,1
1762,22136.41,DOWN,UP,0
1763,22583.72,DOWN,DOWN,1
1764,20401.31,DOWN,UP,0
1765,20468.81,DOWN,DOWN,1
1766,18970.79,DOWN,UP,0
1767,20574.0,DOWN,DOWN,1
1768,20573.89,DOWN,UP,0
1769,20723.52,DOWN,DOWN,1
1770,19987.99,DOWN,UP,0
1771,21110.13,DOWN,UP,0
1772,21237.69,DOWN,UP,0
1773,21491.19,DOWN,DOWN,1
1774,21038.07,DOWN,DOWN,1
1775,20742.56,DOWN,DOWN,1
1776,20281.29,DOWN,DOWN,1
1777,20123.01,DOWN,DOWN,1
1778,19942.21,DOWN,DOWN,1
1779,19279.8,DOWN,DOWN,1
1780,19252.81,DOWN,UP,0
1781,19315.83,SIDE,UP,0
1782,20236.71,SIDE,DOWN,0
1783,20175.83,SIDE,UP,0
1784,20564.51,SIDE,UP,0
1785,21624.98,SIDE,DOWN,0
1786,21594.75,SIDE,DOWN,0
1787,21591.83,SIDE,DOWN,0
1788,20862.47,SIDE,DOWN,0
1789,19963.61,UP,DOWN,0
1790,19328.75,UP,UP,1
1791,20234.87,UP,UP,1
1792,20588.84,UP,UP,1
1793,20830.04,UP,UP,1
1794,21195.6,UP,DOWN,0
1795,20798.16,UP,UP,1
1796,22432.58,UP,UP,1
1797,23396.62,UP,DOWN,0
1798,23223.3,UP,DOWN,0
1799,23152.19,UP,DOWN,0
1800,22684.83,UP,DOWN,0
1801,22451.07,UP,UP,1
1802,22579.68,UP,DOWN,0
1803,21310.9,UP,DOWN,0
1804,21254.67,UP,UP,1
1805,22952.45,UP,UP,1
1806,23842.93,UP,DOWN,0
1807,23773.75,UP,DOWN,0
1808,23643.51,UP,DOWN,0
1809,23293.32,UP,DOWN,0
1810,23268.01,UP,DOWN,0
1811,22987.79,UP,DOWN,0
1812,22818.37,UP,DOWN,0
1813,22622.98,UP,UP,1
1814,23312.42,UP,DOWN,0
1815,22954.21,UP,UP,1
1816,23174.39,UP,UP,1
1817,23810.0,UP,DOWN,0
1818,23149.95,UP,UP,1
1819,23954.05,UP,DOWN,0
1820,23934.39,SIDE,UP,0
1821,24403.68,SIDE,UP,0
1822,24441.38,SIDE,DOWN,0
1823,24305.24,UP,DOWN,0
1824,24094.82,UP,DOWN,0
1825,23854.74,UP,DOWN,0
1826,23342.66,UP,DOWN,0
1827,23191.2,UP,DOWN,0
1828,20834.39,UP,UP,1
1829,21140.07,UP,UP,1
1830,21515.61,UP,DOWN,0
1831,21399.83,UP,UP,1
1832,21529.12,SIDE,DOWN,0
1833,21368.08,SIDE,UP,0
1834,21559.04,SIDE,DOWN,0
1835,20241.05,SIDE,DOWN,0
1836,20037.6,DOWN,DOWN,1
1837,19555.61,DOWN,UP,0
1838,20285.73,DOWN,DOWN,1
1839,19811.66,DOWN,UP,0
1840,20050.02,DOWN,UP,0
1841,20131.46,DOWN,DOWN,1
1842,19951.86,DOWN,DOWN,1
1843,19831.9,DOWN,UP,0
1844,20000.3,DOWN,DOWN,1
1845,19796.84,DOWN,DOWN,1
1846,18790.61,DOWN,UP,0
1847,19292.84,DOWN,UP,0
1848,19319.77,DOWN,UP,0
1849,21360.11,DOWN,UP,0
1850,21648.34,DOWN,UP,0
1851,21826.87,DOWN,UP,0
1852,22395.74,DOWN,DOWN,1
1853,20173.57,DOWN,UP,0
1854,20226.71,DOWN,DOWN,1
1855,19701.88,DOWN,UP,0
1856,19803.3,SIDE,UP,0
1857,20113.62,SIDE,DOWN,0
1858,19416.18,SIDE,UP,0
1859,19537.02,UP,DOWN,0
1860,18875.0,UP,DOWN,0
1861,18461.36,UP,UP,1
1862,19401.63,UP,DOWN,0
1863,19289.91,UP,DOWN,0
1864,18920.5,DOWN,DOWN,1
1865,18807.38,DOWN,UP,0
1866,19227.82,DOWN,DOWN,1
1867,19079.13,DOWN,UP,0
1868,19412.82,DOWN,UP,0
1869,19591.51,DOWN,DOWN,1
1870,19422.61,SIDE,DOWN,0
1871,19310.95,UP,DOWN,0
1872,19056.8,UP,UP,1
1873,19629.08,SIDE,UP,0
1874,20337.82,SIDE,DOWN,0
1875,20158.26,SIDE,DOWN,0
1876,19960.67,SIDE,DOWN,0
1877,19530.09,UP,DOWN,0
1878,19417.96,UP,UP,1
1879,19439.02,UP,DOWN,0
1880,19131.87,UP,DOWN,0
1881,19060.0,UP,UP,1
1882,19155.53,UP,UP,1
1883,19375.13,UP,DOWN,0
1884,19176.93,UP,DOWN,0
1885,19069.39,UP,UP,1
1886,19262.98,SIDE,UP,0
1887,19549.86,DOWN,DOWN,1
1888,19327.44,DOWN,DOWN,1
1889,19123.97,DOWN,DOWN,1
1890,19041.92,DOWN,UP,0
1891,19164.37,DOWN,UP,0
1892,19204.35,DOWN,UP,0
1893,19570.4,DOWN,DOWN,1
1894,19329.72,SIDE,UP,0
1895,20080.07,SIDE,UP,0
1896,20771.59,SIDE,DOWN,0
1897,20295.11,SIDE,UP,0
1898,20591.84,SIDE,UP,0
1899,20809.67,UP,DOWN,0
1900,20627.48,UP,DOWN,0
1901,20490.74,UP,DOWN,0
1902,20483.62,UP,DOWN,0
1903,20151.84,UP,UP,1
1904,20207.82,UP,UP,1
1905,21148.52,UP,UP,1
1906,21299.37,UP,DOWN,0
1907,20905.58,UP,DOWN,0
1908,20591.13,UP,DOWN,0
1909,18547.23,UP,DOWN,0
1910,15922.81,UP,UP,1
1911,17601.15,UP,DOWN,0
1912,17070.31,UP,DOWN,0
1913,16812.08,SIDE,DOWN,0
1914,16329.85,SIDE,UP,0
1915,16619.46,SIDE,UP,0
1916,16900.57,SIDE,DOWN,0
1917,16662.76,SIDE,UP,0
1918,16692.56,SIDE,UP,0
1919,16700.45,SIDE,UP,0
1920,16700.68,SIDE,DOWN,0
1921,16280.23,SIDE,DOWN,0
1922,15781.29,SIDE,UP,0
1923,16226.94,SIDE,UP,0
1924,16603.11,SIDE,DOWN,0
1925,16598.95,DOWN,DOWN,1
1926,16522.14,DOWN,DOWN,1
1927,16458.57,DOWN,DOWN,1
1928,16428.78,DOWN,DOWN,1
1929,16212.91,DOWN,UP,0
1930,16442.53,DOWN,UP,0
1931,17163.64,DOWN,DOWN,1
1932,16977.37,SIDE,UP,0
1933,17092.74,SIDE,DOWN,0
1934,16885.2,SIDE,UP,0
1935,17105.7,UP,DOWN,0
1936,16966.35,UP,UP,1
1937,17088.96,UP,DOWN,0
1938,16836.64,UP,UP,1
1939,17224.1,UP,DOWN,0
1940,17128.56,UP,DOWN,0
1941,17127.49,UP,DOWN,0
1942,17085.05,UP,UP,1
1943,17209.83,SIDE,UP,0
1944,17774.7,SIDE,UP,0
1945,17803.15,SIDE,DOWN,0
1946,17356.34,SIDE,DOWN,0
1947,16632.12,SIDE,UP,0
1948,16776.52,UP,DOWN,0
1949,16738.21,UP,DOWN,0
1950,16438.88,SIDE,UP,0
1951,16895.56,SIDE,DOWN,0
1952,16824.67,SIDE,DOWN,0
1953,16821.43,SIDE,DOWN,0
1954,16778.5,DOWN,UP,0
1955,16836.12,DOWN,DOWN,1
1956,16832.11,DOWN,UP,0
1957,16919.39,DOWN,DOWN,1
1958,16706.36,DOWN,DOWN,1
1959,16547.31,DOWN,UP,0
1960,16633.47,DOWN,DOWN,1
1961,16607.48,DOWN,DOWN,1
1962,16542.4,DOWN,UP,0
1963,16616.75,DOWN,UP,0
1964,16672.87,SIDE,UP,0
1965,16675.18,SIDE,UP,0
1966,16850.36,SIDE,DOWN,0
1967,16831.85,SIDE,UP,0
1968,16950.65,SIDE,DOWN,0
1969,16943.57,SIDE,UP,0
1970,17127.83,SIDE,UP,0
1971,17178.26,SIDE,UP,0
1972,17440.66,SIDE,UP,0
1973,17943.26,SIDE,UP,0
1974,18846.62,SIDE,UP,0
1975,19930.01,SIDE,UP,0
1976,20954.92,SIDE,DOWN,0
1977,20871.5,SIDE,UP,0
1978,21185.65,SIDE,DOWN,0
1979,21134.81,SIDE,DOWN,0
1980,20677.47,SIDE,UP,0
1981,21071.59,SIDE,UP,0
1982,22667.21,SIDE,UP,0
1983,22783.55,SIDE,DOWN,0
1984,22707.88,SIDE,UP,0
1985,22916.45,SIDE,DOWN,0
1986,22632.89,UP,UP,1
1987,23060.94,UP,DOWN,0
1988,23009.65,UP,UP,1
1989,23074.16,UP,DOWN,0
1990,23022.6,UP,UP,1
1991,23742.3,UP,DOWN,0
1992,22826.15,UP,UP,1
1993,23125.13,UP,UP,1
1994,23732.66,UP,DOWN,0
1995,23488.94,UP,DOWN,0
1996,23431.9,UP,DOWN,0
1997,23326.84,UP,DOWN,0
1998,22932.91,UP,DOWN,0
1999,22762.52,UP,UP,1
2000,23240.46,UP,DOWN,0
2001,22963.0,UP,DOWN,0
2002,21796.35,UP,DOWN,0
2003,21625.19,UP,UP,1
2004,21862.55,SIDE,DOWN,0
2005,21783.54,SIDE,DOWN,0
2006,21773.97,DOWN,UP,0
2007,22199.84,DOWN,UP,0
2008,24324.05,DOWN,DOWN,1
2009,23517.72,DOWN,UP,0
2010,24569.97,DOWN,UP,0
2011,24631.95,DOWN,DOWN,1
2012,24271.76,SIDE,UP,0
2013,24842.2,SIDE,DOWN,0
2014,24452.16,SIDE,DOWN,0
2015,24182.21,SIDE,DOWN,0
2016,23940.2,SIDE,DOWN,0
2017,23185.29,SIDE,DOWN,0
2018,23157.07,SIDE,UP,0
2019,23554.85,SIDE,DOWN,0
2020,23492.09,SIDE,DOWN,0
2021,23141.57,UP,UP,1
2022,23628.97,UP,DOWN,0
2023,23465.32,UP,DOWN,0
2024,22354.34,UP,DOWN,0
2025,22346.57,SIDE,UP,0
2026,22430.24,SIDE,DOWN,0
2027,22410.0,DOWN,DOWN,1
2028,22197.96,DOWN,DOWN,1
2029,21705.44,DOWN,DOWN,1
2030,20362.22,DOWN,DOWN,1
2031,20150.69,DOWN,UP,0
2032,20455.73,DOWN,UP,0
2033,21997.11,DOWN,UP,0
2034,24113.48,DOWN,UP,0
2035,24670.41,DOWN,DOWN,1
2036,24285.66,DOWN,UP,0
2037,24998.78,DOWN,UP,0
2038,27395.13,SIDE,DOWN,0
2039,26907.49,SIDE,UP,0
2040,27972.87,SIDE,DOWN,0
2041,27717.01,SIDE,UP,0
2042,28105.47,SIDE,DOWN,0
2043,27250.97,SIDE,UP,0
2044,28295.41,SIDE,DOWN,0
2045,27454.47,SIDE,UP,0
2046,27462.95,UP,UP,1
2047,27968.05,UP,DOWN,0
2048,27124.91,UP,UP,1
2049,27261.07,UP,UP,1
2050,28348.6,UP,DOWN,0
2051,28028.53,SIDE,UP,0
2052,28465.36,UP,DOWN,0
2053,28452.73,UP,DOWN,0
2054,28171.87,UP,DOWN,0
2055,27800.0,UP,UP,1
2056,28165.47,UP,UP,1
2057,28170.01,UP,DOWN,0
2058,28033.82,UP,DOWN,0
2059,27906.33,UP,UP,1
2060,27938.38,SIDE,UP,0
2061,28323.76,SIDE,UP,0
2062,29637.34,SIDE,UP,0
2063,30200.42,SIDE,DOWN,0
2064,29888.07,SIDE,UP,0
2065,30373.84,SIDE,UP,0
2066,30466.93,SIDE,DOWN,0
2067,30295.09,SIDE,UP,0
2068,30304.65,SIDE,DOWN,0
2069,29430.27,UP,UP,1
2070,30380.01,UP,DOWN,0
2071,28797.1,UP,DOWN,0
2072,28243.65,UP,DOWN,0
2073,27262.84,UP,UP,1
2074,27816.85,UP,DOWN,0
2075,27590.6,UP,DOWN,0
2076,27510.93,SIDE,UP,0
2077,28300.79,SIDE,UP,0
2078,28415.29,SIDE,UP,0
2079,29472.77,SIDE,DOWN,0
2080,29311.7,SIDE,DOWN,0
2081,29230.45,DOWN,UP,0
2082,29233.21,DOWN,DOWN,1
2083,28068.26,DOWN,UP,0
2084,28669.86,DOWN,UP,0
2085,29026.16,DOWN,DOWN,1
2086,28838.16,SIDE,UP,0
2087,29505.61,SIDE,DOWN,0
2088,28848.2,SIDE,DOWN,0
2089,28430.1,SIDE,DOWN,0
2090,27668.79,SIDE,DOWN,0
2091,27628.27,SIDE,DOWN,0
2092,27598.75,SIDE,DOWN,0
2093,26968.62,SIDE,DOWN,0
2094,26795.01,SIDE,DOWN,0
2095,26775.28,SIDE,UP,0
2096,26917.62,SIDE,UP,0
2097,27162.14,DOWN,DOWN,1
2098,27033.84,DOWN,UP,0
2099,27405.61,DOWN,DOWN,1
2100,26821.28,DOWN,UP,0
2101,26880.26,DOWN,UP,0
2102,27102.43,DOWN,DOWN,1
2103,26747.78,SIDE,UP,0
2104,26849.27,SIDE,UP,0
2105,27219.61,SIDE,DOWN,0
2106,26329.01,SIDE,UP,0
2107,26473.79,SIDE,UP,0
2108,26705.92,SIDE,UP,0
2109,26854.27,SIDE,UP,0
2110,28065.0,DOWN,DOWN,1
2111,27736.4,DOWN,DOWN,1
2112,27694.4,DOWN,DOWN,1
2113,27210.35,DOWN,DOWN,1
2114,26817.93,SIDE,UP,0
2115,27242.59,SIDE,DOWN,0
2116,27069.22,SIDE,UP,0
2117,27115.21,SIDE,DOWN,0
2118,25728.2,UP,UP,1
2119,27230.08,UP,DOWN,0
2120,26339.34,SIDE,UP,0
2121,26498.61,SIDE,DOWN,0
2122,26477.81,DOWN,DOWN,1
2123,25841.21,DOWN,UP,0
2124,25925.55,DOWN,DOWN,1
2125,25905.19,DOWN,UP,0
2126,25934.25,SIDE,DOWN,0
2127,25128.6,SIDE,UP,0
2128,25598.49,SIDE,UP,0
2129,26345.0,SIDE,UP,0
2130,26516.99,SIDE,DOWN,0
2131,26339.97,DOWN,UP,0
2132,26844.35,DOWN,UP,0
2133,28307.99,DOWN,UP,0
2134,29993.89,DOWN,DOWN,1
2135,29884.92,DOWN,UP,0
2136,30688.5,DOWN,DOWN,1
2137,30527.43,DOWN,DOWN,1
2138,30462.66,DOWN,DOWN,1
2139,30267.99,SIDE,UP,0
2140,30692.44,SIDE,DOWN,0
2141,30077.41,SIDE,UP,0
2142,30447.31,SIDE,UP,0
2143,30472.0,SIDE,UP,0
2144,30585.9,SIDE,UP,0
2145,30617.03,SIDE,UP,0
2146,31156.2,UP,DOWN,0
2147,30766.51,UP,DOWN,0
2148,30504.81,UP,DOWN,0
2149,29895.43,SIDE,UP,0
2150,30344.7,SIDE,DOWN,0
2151,30284.63,SIDE,DOWN,0
2152,30160.71,UP,UP,1
2153,30411.57,UP,UP,1
2154,30622.1,UP,DOWN,0
2155,30380.0,UP,UP,1
2156,31454.23,SIDE,DOWN,0
2157,30312.01,SIDE,DOWN,0
2158,30289.52,SIDE,DOWN,0
2159,30231.99,UP,DOWN,0
2160,30138.0,SIDE,DOWN,0
2161,29859.13,SIDE,UP,0
2162,29909.21,SIDE,DOWN,0
2163,29800.0,SIDE,UP,0
2164,29901.72,SIDE,DOWN,0
2165,29794.0,SIDE,UP,0
2166,30083.75,DOWN,DOWN,1
2167,29176.5,DOWN,UP,0
2168,29228.91,DOWN,UP,0
2169,29351.96,DOWN,DOWN,1
2170,29222.78,DOWN,UP,0
2171,29314.14,DOWN,UP,0
2172,29352.9,DOWN,DOWN,1
2173,29281.09,DOWN,DOWN,1
2174,29232.25,DOWN,UP,0
2175,29705.99,DOWN,DOWN,1
2176,29186.01,DOWN,UP,0
2177,29193.64,DOWN,DOWN,1
2178,29113.99,DOWN,DOWN,1
2179,29072.13,DOWN,UP,0
2180,29088.42,DOWN,UP,0
2181,29211.06,SIDE,UP,0
2182,29770.42,SIDE,DOWN,0
2183,29581.99,SIDE,DOWN,0
2184,29455.75,SIDE,DOWN,0
2185,29426.03,UP,UP,1
2186,29430.17,UP,DOWN,0
2187,29303.84,UP,UP,1
2188,29430.93,UP,DOWN,0
2189,29200.0,UP,DOWN,0
2190,28730.51,UP,DOWN,0
2191,26623.41,SIDE,DOWN,0
2192,26054.0,SIDE,UP,0
2193,26100.01,SIDE,UP,0
2194,26189.99,DOWN,DOWN,1
2195,26126.92,DOWN,DOWN,1
2196,26056.0,DOWN,UP,0
2197,26432.72,DOWN,DOWN,1
2198,26180.05,DOWN,DOWN,1
2199,26060.01,DOWN,DOWN,1
2200,26017.37,DOWN,UP,0
2201,26101.77,DOWN,UP,0
2202,26120.0,SIDE,UP,0
2203,27716.34,SIDE,DOWN,0
2204,27299.99,SIDE,DOWN,0
2205,25940.78,SIDE,DOWN,0
2206,25805.05,UP,UP,1
2207,25869.51,UP,UP,1
2208,25971.21,UP,DOWN,0
2209,25826.02,SIDE,DOWN,0
2210,25792.1,SIDE,DOWN,0
2211,25759.95,SIDE,UP,0
2212,26255.0,SIDE,DOWN,0
2213,25910.5,SIDE,DOWN,0
2214,25901.61,SIDE,DOWN,0
2215,25841.61,SIDE,DOWN,0
2216,25162.52,DOWN,UP,0
2217,25840.1,DOWN,UP,0
2218,26222.0,DOWN,UP,0
2219,26522.73,DOWN,UP,0
2220,26600.0,DOWN,DOWN,1
2221,26559.67,DOWN,DOWN,1
2222,26527.51,DOWN,UP,0
2223,26762.51,SIDE,UP,0
2224,27210.26,SIDE,DOWN,0
2225,27125.0,SIDE,DOWN,0
2226,26568.08,UP,UP,1
2227,26580.14,UP,DOWN,0
2228,26575.96,UP,DOWN,0
2229,26248.38,UP,UP,1
2230,26304.81,UP,DOWN,0
2231,26221.67,UP,UP,1
2232,26372.99,UP,UP,1
2233,27021.39,SIDE,DOWN,0
2234,26906.96,SIDE,UP,0
2235,26962.56,SIDE,UP,0
2236,27992.57,DOWN,DOWN,1
2237,27494.51,DOWN,DOWN,1
2238,27426.46,DOWN,UP,0
2239,27778.57,DOWN,DOWN,1
2240,27410.39,SIDE,UP,0
2241,27931.09,SIDE,UP,0
2242,27956.67,SIDE,DOWN,0
2243,27917.05,SIDE,DOWN,0
2244,27590.12,UP,DOWN,0
2245,27390.12,UP,DOWN,0
2246,26875.52,UP,DOWN,0
2247,26759.63,UP,UP,1
2248,26862.0,UP,DOWN,0
2249,26852.48,UP,UP,1
2250,27154.15,UP,UP,1
2251,28500.78,UP,DOWN,0
2252,28395.91,UP,DOWN,0
2253,28320.0,UP,UP,1
2254,28713.71,UP,UP,1
2255,29669.04,UP,UP,1
2256,29909.8,UP,UP,1
2257,29992.46,UP,UP,1
2258,33069.99,UP,UP,1
2259,33922.73,UP,UP,1
2260,34496.05,UP,DOWN,0
2261,34151.66,UP,DOWN,0
2262,33892.02,UP,UP,1
2263,34081.0,UP,UP,1
2264,34525.89,UP,DOWN,0
2265,34474.73,UP,UP,1
2266,34639.77,UP,UP,1
2267,35421.43,UP,DOWN,0
2268,34941.59,UP,DOWN,0
2269,34716.78,UP,UP,1
2270,35062.07,UP,DOWN,0
2271,35011.88,UP,UP,1
2272,35046.09,UP,UP,1
2273,35399.12,UP,UP,1
2274,35624.72,UP,UP,1
2275,36701.09,UP,UP,1
2276,37301.63,UP,DOWN,0
2277,37130.0,UP,DOWN,0
2278,37064.13,UP,DOWN,0
2279,36462.93,UP,DOWN,0
2280,35551.19,UP,UP,1
2281,37858.2,UP,DOWN,0
2282,36163.51,UP,UP,1
2283,36613.92,UP,DOWN,0
2284,36568.1,UP,UP,1
2285,37359.86,UP,UP,1
2286,37448.78,UP,DOWN,0
2287,35741.65,UP,UP,1
2288,37408.34,UP,DOWN,0
2289,37294.28,UP,UP,1
2290,37713.57,UP,UP,1
2291,37780.67,UP,DOWN,0
2292,37447.43,UP,DOWN,0
2293,37242.7,UP,UP,1
2294,37818.87,UP,UP,1
2295,37854.64,UP,DOWN,0
2296,37723.96,UP,UP,1
2297,38682.52,UP,UP,1
2298,39450.35,UP,UP,1
2299,39972.26,UP,UP,1
2300,41991.1,UP,UP,1
2301,44073.32,UP,DOWN,0
2302,43762.69,UP,DOWN,0
2303,43273.14,UP,UP,1
2304,44170.99,UP,DOWN,0
2305,43713.6,UP,UP,1
2306,43789.51,UP,DOWN,0
2307,41253.4,UP,UP,1
2308,41492.39,UP,UP,1
2309,42869.03,UP,UP,1
2310,43022.26,UP,DOWN,0
2311,41940.3,UP,UP,1
2312,42278.03,UP,DOWN,0
2313,41374.65,UP,UP,1
2314,42657.8,UP,DOWN,0
2315,42275.99,UP,UP,1
2316,43668.93,UP,UP,1
2317,43861.8,UP,UP,1
2318,43969.04,UP,DOWN,0
2319,43702.16,UP,DOWN,0
2320,42991.5,UP,UP,1
2321,43576.13,SIDE,DOWN,0
2322,42508.93,SIDE,UP,0
2323,43428.85,SIDE,DOWN,0
2324,42563.76,SIDE,DOWN,0
2325,42066.95,SIDE,UP,0
2326,42140.28,SIDE,UP,0
2327,42283.58,SIDE,UP,0
2328,44179.55,DOWN,UP,0
2329,44946.91,DOWN,DOWN,1
2330,42845.23,DOWN,UP,0
2331,44151.1,DOWN,DOWN,1
2332,44145.11,SIDE,DOWN,0
2333,43968.32,SIDE,DOWN,0
2334,43929.02,SIDE,UP,0
2335,46951.04,SIDE,DOWN,0
2336,46110.0,SIDE,UP,0
2337,46653.99,SIDE,DOWN,0
2338,46339.16,SIDE,DOWN,0
2339,42782.73,SIDE,UP,0
2340,42847.99,SIDE,DOWN,0
2341,41732.35,SIDE,UP,0
2342,42511.1,UP,UP,1
2343,43137.95,UP,DOWN,0
2344,42776.1,UP,DOWN,0
2345,41327.5,UP,UP,1
2346,41659.03,SIDE,UP,0
2347,41696.04,SIDE,DOWN,0
2348,41580.33,SIDE,DOWN,0
2349,39568.02,DOWN,UP,0
2350,39897.6,DOWN,UP,0
2351,40084.88,DOWN,DOWN,1
2352,39961.09,DOWN,UP,0
2353,41823.51,DOWN,UP,0
2354,42120.63,DOWN,DOWN,1
2355,42031.06,DOWN,UP,0
2356,43302.7,DOWN,DOWN,1
2357,42941.1,DOWN,DOWN,1
2358,42580.0,DOWN,UP,0
2359,43082.94,DOWN,UP,0
2360,43200.0,SIDE,DOWN,0
2361,43011.09,SIDE,DOWN,0
2362,42582.88,UP,UP,1
2363,42708.7,UP,UP,1
2364,43098.95,UP,UP,1
2365,44349.6,UP,UP,1
2366,45288.65,UP,UP,1
2367,47132.77,UP,UP,1
2368,47751.09,UP,UP,1
2369,48299.99,UP,UP,1
2370,49917.27,UP,DOWN,0
2371,49699.59,UP,UP,1
2372,51795.17,UP,UP,1
2373,51880.0,UP,UP,1
2374,52124.11,UP,DOWN,0
2375,51642.64,UP,UP,1
2376,52137.67,UP,DOWN,0
2377,51774.73,UP,UP,1
2378,52258.82,UP,DOWN,0
2379,51849.39,UP,DOWN,0
2380,51288.42,UP,DOWN,0
2381,50744.15,UP,UP,1
2382,51568.22,UP,UP,1
2383,51728.85,UP,UP,1
2384,54476.47,SIDE,UP,0
2385,57037.34,SIDE,UP,0
2386,62432.1,SIDE,DOWN,0
2387,61130.98,SIDE,UP,0
2388,62387.9,SIDE,DOWN,0
2389,61987.28,SIDE,UP,0
2390,63113.97,SIDE,UP,0
2391,68245.71,SIDE,DOWN,0
2392,63724.01,SIDE,UP,0
2393,66074.04,SIDE,UP,0
2394,66823.17,SIDE,UP,0
2395,68124.19,UP,UP,1
2396,68313.27,UP,UP,1
2397,68955.88,UP,UP,1
2398,72078.1,UP,DOWN,0
2399,71452.01,UP,UP,1
2400,73072.41,UP,DOWN,0
2401,71388.94,UP,DOWN,0
2402,69499.85,UP,DOWN,0
2403,65300.63,UP,UP,1
2404,68393.48,UP,DOWN,0
2405,67609.99,UP,DOWN,0
2406,61937.4,UP,UP,1
2407,67840.51,UP,DOWN,0
2408,65501.27,UP,DOWN,0
2409,63796.64,UP,UP,1
2410,63990.01,SIDE,UP,0
2411,67209.99,DOWN,UP,0
2412,69880.01,DOWN,UP,0
2413,69988.0,DOWN,DOWN,1
2414,69469.99,DOWN,UP,0
2415,70780.6,DOWN,DOWN,1
2416,69850.54,DOWN,DOWN,1
2417,69582.18,DOWN,UP,0
2418,71280.01,DOWN,DOWN,1
2419,69649.8,DOWN,DOWN,1
2420,65463.99,DOWN,UP,0
2421,65963.28,DOWN,UP,0
2422,68487.79,DOWN,DOWN,1
2423,67820.62,DOWN,UP,0
2424,68896.0,SIDE,UP,0
2425,69360.39,SIDE,UP,0
2426,71620.0,SIDE,DOWN,0
2427,69146.0,SIDE,UP,0
2428,70631.08,SIDE,DOWN,0
2429,70006.23,UP,DOWN,0
2430,67116.52,UP,DOWN,0
2431,63924.51,UP,UP,1
2432,65661.84,UP,DOWN,0
2433,63419.99,UP,UP,1
2434,63793.39,SIDE,DOWN,0
2435,61277.37,SIDE,UP,0
2436,63470.08,SIDE,UP,0
2437,63818.01,SIDE,UP,0
2438,64940.59,SIDE,UP,0
2439,64941.15,SIDE,UP,0
2440,66819.32,SIDE,DOWN,0
2441,66414.0,SIDE,DOWN,0
2442,64289.59,SIDE,UP,0
2443,64498.34,DOWN,DOWN,1
2444,63770.01,DOWN,DOWN,1
2445,63461.98,DOWN,DOWN,1
2446,63118.62,DOWN,UP,0
2447,63866.0,DOWN,DOWN,1
2448,60672.0,DOWN,DOWN,1
2449,58364.97,DOWN,UP,0
2450,59060.61,DOWN,UP,0
2451,62882.01,DOWN,UP,0
2452,63892.04,DOWN,UP,0
2453,64012.0,DOWN,DOWN,1
2454,63165.19,DOWN,DOWN,1
2455,62312.08,DOWN,DOWN,1
2456,61193.03,DOWN,UP,0
2457,63074.01,DOWN,DOWN,1
2458,60799.99,DOWN,UP,0
2459,60825.99,DOWN,UP,0
2460,61483.99,DOWN,UP,0
2461,62940.08,SIDE,DOWN,0
2462,61577.49,SIDE,UP,0
2463,66206.5,SIDE,DOWN,0
2464,65235.21,SIDE,UP,0
2465,67024.0,SIDE,DOWN,0
2466,66915.2,SIDE,DOWN,0
2467,66274.01,SIDE,UP,0
2468,71446.62,SIDE,DOWN,0
2469,70148.34,SIDE,DOWN,0
2470,69166.62,SIDE,DOWN,0
2471,67969.65,SIDE,UP,0
2472,68549.99,UP,UP,1
2473,69290.57,UP,DOWN,0
2474,68507.67,UP,UP,1
2475,69436.43,UP,DOWN,0
2476,68398.39,UP,DOWN,0
2477,67652.42,UP,UP,1
2478,68352.17,SIDE,DOWN,0
2479,67540.01,SIDE,UP,0
2480,67766.85,SIDE,DOWN,0
2481,67765.63,SIDE,UP,0
2482,68809.9,SIDE,UP,0
2483,70537.84,SIDE,UP,0
2484,71108.0,SIDE,DOWN,0
2485,70799.06,SIDE,DOWN,0
2486,69355.6,SIDE,DOWN,0
2487,69310.46,SIDE,UP,0
2488,69648.14,SIDE,DOWN,0
2489,69540.0,UP,DOWN,0
2490,67314.24,UP,UP,1
2491,68263.99,UP,DOWN,0
2492,66773.01,SIDE,DOWN,0
2493,66043.99,DOWN,UP,0
2494,66228.25,DOWN,UP,0
2495,66676.87,DOWN,DOWN,1
2496,66504.33,DOWN,DOWN,1
2497,65175.32,DOWN,DOWN,1
2498,64974.37,DOWN,DOWN,1
2499,64869.99,DOWN,DOWN,1
2500,64143.56,DOWN,UP,0
2501,64262.01,DOWN,DOWN,1
2502,63210.01,DOWN,DOWN,1
2503,60293.3,DOWN,UP,0
2504,61806.01,DOWN,DOWN,1
2505,60864.99,DOWN,UP,0
2506,61706.47,DOWN,DOWN,1
2507,60427.84,DOWN,UP,0
2508,60986.68,DOWN,UP,0
2509,62772.01,DOWN,UP,0
2510,62899.99,DOWN,DOWN,1
2511,62135.47,DOWN,DOWN,1
2512,60208.58,DOWN,DOWN,1
2513,57050.01,DOWN,DOWN,1
2514,56628.79,DOWN,UP,0
2515,58230.13,DOWN,DOWN,1
2516,55857.81,DOWN,UP,0
2517,56714.62,DOWN,UP,0
2518,58050.0,DOWN,DOWN,1
2519,57725.85,DOWN,DOWN,1
2520,57339.89,DOWN,UP,0
2521,57889.1,DOWN,UP,0
2522,59204.02,DOWN,UP,0
2523,60797.91,DOWN,UP,0
2524,64724.14,DOWN,UP,0
2525,65043.99,DOWN,DOWN,1
2526,64087.99,DOWN,DOWN,1
2527,63987.92,DOWN,UP,0
2528,66660.0,DOWN,UP,0
2529,67139.96,DOWN,UP,0
2530,68165.34,DOWN,DOWN,1
2531,67532.01,DOWN,DOWN,1
2532,65936.01,DOWN,DOWN,1
2533,65376.0,DOWN,UP,0
2534,65799.95,SIDE,UP,0
2535,67907.99,SIDE,DOWN,0
2536,67896.5,SIDE,UP,0
2537,68249.88,UP,DOWN,0
2538,66784.69,UP,DOWN,0
2539,66188.0,UP,DOWN,0
2540,64628.0,UP,UP,1
2541,65354.02,UP,DOWN,0
2542,61498.33,UP,DOWN,0
2543,60697.99,UP,DOWN,0
2544,58161.0,UP,DOWN,0
2545,54018.81,UP,UP,1
2546,56022.01,UP,DOWN,0
2547,55134.16,UP,UP,1
2548,61685.99,SIDE,DOWN,0
2549,60837.99,SIDE,UP,0
2550,60923.51,SIDE,DOWN,0
2551,58712.59,DOWN,UP,0
2552,59346.64,DOWN,UP,0
2553,60587.15,DOWN,DOWN,1
2554,58683.39,DOWN,DOWN,1
2555,57541.06,SIDE,UP,0
2556,58874.6,SIDE,UP,0
2557,59491.99,SIDE,DOWN,0
2558,58427.35,DOWN,UP,0
2559,59438.5,DOWN,DOWN,1
2560,59013.8,DOWN,UP,0
2561,61156.03,DOWN,DOWN,1
2562,60375.84,DOWN,UP,0
2563,64037.24,DOWN,UP,0
2564,64157.01,DOWN,UP,0
2565,64220.0,DOWN,DOWN,1
2566,62834.0,DOWN,DOWN,1
2567,59415.0,DOWN,DOWN,1
2568,59034.9,SIDE,UP,0
2569,59359.01,SIDE,DOWN,0
2570,59123.99,SIDE,DOWN,0
2571,58973.99,SIDE,DOWN,0
2572,57301.86,SIDE,UP,0
2573,59132.13,SIDE,DOWN,0
2574,57487.73,SIDE,UP,0
2575,57970.9,SIDE,DOWN,0
2576,56180.0,SIDE,DOWN,0
2577,53962.97,SIDE,UP,0
2578,54160.86,SIDE,UP,0
2579,54869.95,SIDE,UP,0
2580,57042.0,SIDE,UP,0
2581,57635.99,SIDE,DOWN,0
2582,57338.0,SIDE,UP,0
2583,58132.32,DOWN,UP,0
2584,60498.0,DOWN,DOWN,1
2585,59993.03,DOWN,DOWN,1
2586,59132.0,DOWN,DOWN,1
2587,58213.99,DOWN,UP,0
2588,60313.99,DOWN,UP,0
2589,61759.99,DOWN,UP,0
2590,62947.99,SIDE,UP,0
2591,63201.05,SIDE,UP,0
2592,63348.96,SIDE,UP,0
2593,63578.76,SIDE,DOWN,0
2594,63339.99,UP,UP,1
2595,64262.7,UP,DOWN,0
2596,63152.01,UP,UP,1
2597,65173.99,UP,UP,1
2598,65769.95,UP,UP,1
2599,65858.0,UP,DOWN,0
2600,65602.01,UP,DOWN,0
2601,63327.59,UP,DOWN,0
2602,60805.78,UP,DOWN,0
2603,60649.28,UP,UP,1
2604,60752.71,UP,UP,1
2605,62086.0,UP,DOWN,0
2606,62058.0,UP,UP,1
2607,62819.91,SIDE,DOWN,0
2608,62224.0,SIDE,DOWN,0
2609,62160.49,SIDE,DOWN,0
2610,60636.02,SIDE,DOWN,0
2611,60326.39,DOWN,UP,0
2612,62540.0,DOWN,UP,0
2613,63206.22,DOWN,DOWN,1
2614,62870.02,DOWN,UP,0
2615,66083.99,DOWN,UP,0
2616,67074.14,DOWN,UP,0
2617,67620.01,DOWN,DOWN,1
2618,67421.78,DOWN,UP,0
2619,68428.0,DOWN,DOWN,1
2620,68378.0,DOWN,UP,0
2621,69031.99,DOWN,DOWN,1
2622,67377.5,DOWN,UP,0
2623,67426.0,DOWN,DOWN,1
2624,66668.65,DOWN,UP,0
2625,68198.28,SIDE,DOWN,0
2626,66698.33,SIDE,UP,0
2627,67092.76,UP,UP,1
2628,68021.7,SIDE,UP,0
2629,69962.21,SIDE,UP,0
2630,72736.42,SIDE,DOWN,0
2631,72344.74,SIDE,DOWN,0
2632,70292.01,SIDE,DOWN,0
2633,69496.01,UP,DOWN,0
2634,69374.74,UP,DOWN,0
2635,68775.99,UP,DOWN,0
2636,67850.01,UP,UP,1
2637,69372.01,UP,UP,1
2638,75571.99,UP,UP,1
2639,75857.89,UP,UP,1
2640,76509.78,UP,UP,1
2641,76677.46,UP,UP,1
2642,80370.01,UP,UP,1
2643,88647.99,UP,DOWN,0
2644,87952.01,UP,UP,1
2645,90375.2,UP,DOWN,0
2646,87325.59,UP,UP,1
2647,91032.07,UP,DOWN,0
2648,90586.92,UP,DOWN,0
2649,89855.99,UP,UP,1
2650,90464.08,UP,UP,1
2651,92310.79,UP,UP,1
2652,94286.56,UP,UP,1
2653,98317.12,UP,UP,1
2654,98892.0,UP,DOWN,0
2655,97672.4,UP,UP,1
2656,97900.04,UP,DOWN,0
2657,93010.01,UP,DOWN,0
2658,91965.16,UP,UP,1
2659,95863.11,UP,DOWN,0
2660,95643.98,UP,UP,1
2661,97460.0,UP,DOWN,0
2662,96407.99,UP,UP,1
2663,97185.18,UP,DOWN,0
2664,95840.62,SIDE,UP,0
2665,95849.69,SIDE,UP,0
2666,98587.32,SIDE,DOWN,0
2667,96945.63,SIDE,UP,0
2668,99740.84,SIDE,UP,0
2669,99831.99,SIDE,UP,0
2670,101109.59,SIDE,DOWN,0
2671,97276.47,SIDE,DOWN,0
2672,96593.0,SIDE,UP,0
2673,101125.0,SIDE,DOWN,0
2674,100004.29,UP,UP,1
2675,101424.25,UP,DOWN,0
2676,101420.0,SIDE,UP,0
2677,104463.99,SIDE,UP,0
2678,106058.66,SIDE,UP,0
2679,106133.74,SIDE,DOWN,0
2680,100204.01,SIDE,DOWN,0
2681,97461.86,SIDE,UP,0
2682,97805.44,SIDE,DOWN,0
2683,97291.99,SIDE,DOWN,0
2684,95186.27,SIDE,DOWN,0
2685,94881.47,UP,UP,1
2686,98663.58,UP,UP,1
2687,99429.6,UP,DOWN,0
2688,95791.6,UP,DOWN,0
2689,94299.03,UP,UP,1
2690,95300.0,UP,DOWN,0
2691,93738.2,SIDE,DOWN,0
2692,92792.05,SIDE,UP,0
2693,93576.0,SIDE,UP,0
2694,94591.79,SIDE,UP,0
2695,96984.79,DOWN,UP,0
2696,98174.18,DOWN,UP,0
2697,98220.5,DOWN,UP,0
2698,98363.61,DOWN,UP,0
2699,102235.6,DOWN,DOWN,1
2700,96954.61,DOWN,DOWN,1
2701,95060.61,DOWN,DOWN,1
2702,92552.49,DOWN,UP,0
2703,94726.11,SIDE,DOWN,0
2704,94599.99,SIDE,DOWN,0
2705,94545.06,SIDE,DOWN,0
2706,94536.1,SIDE,UP,0
2707,96560.86,SIDE,UP,0
2708,100497.35,SIDE,DOWN,0
2709,99987.3,SIDE,UP,0
2710,104077.48,SIDE,UP,0
2711,104556.23,SIDE,DOWN,0
2712,101331.57,SIDE,UP,0
2713,102260.01,SIDE,UP,0
2714,106143.82,SIDE,DOWN,0
2715,103706.66,SIDE,UP,0
2716,103910.34,UP,UP,1
2717,104870.5,UP,DOWN,0
2718,104746.85,UP,DOWN,0
2719,102620.0,UP,DOWN,0
2720,102082.83,SIDE,DOWN,0
2721,101335.52,SIDE,UP,0
2722,103733.24,SIDE,UP,0
2723,104722.94,DOWN,DOWN,1
2724,102429.56,DOWN,DOWN,1
2725,100635.65,DOWN,DOWN,1
2726,97700.59,DOWN,UP,0
2727,101328.52,DOWN,DOWN,1
2728,97763.13,DOWN,DOWN,1
2729,96612.43,DOWN,DOWN,1
2730,96554.35,DOWN,DOWN,1
2731,96506.8,DOWN,DOWN,1
2732,96444.74,DOWN,UP,0
2733,96462.75,DOWN,UP,0
2734,97430.82,DOWN,DOWN,1
2735,95778.2,DOWN,UP,0
2736,97869.99,SIDE,DOWN,0
2737,96608.14,SIDE,UP,0
2738,97500.48,SIDE,UP,0
2739,97569.66,DOWN,DOWN,1
2740,96118.12,DOWN,DOWN,1
2741,95780.0,SIDE,DOWN,0
2742,95671.74,SIDE,UP,0
2743,96644.37,SIDE,UP,0
2744,98305.0,SIDE,DOWN,0
2745,96181.98,SIDE,UP,0
2746,96551.01,SIDE,DOWN,0
2747,96258.0,SIDE,DOWN,0
2748,91552.88,UP,DOWN,0
2749,88680.4,UP,DOWN,0
2750,84250.09,UP,UP,1
2751,84708.58,UP,DOWN,0
2752,84349.94,UP,UP,1
2753,86064.53,UP,UP,1
2754,94270.0,UP,DOWN,0
2755,86220.61,SIDE,UP,0
2756,87281.98,SIDE,UP,0
2757,90606.01,DOWN,DOWN,1
2758,89931.89,DOWN,DOWN,1
2759,86801.75,SIDE,DOWN,0
2760,86222.45,SIDE,DOWN,0
2761,80734.37,SIDE,DOWN,0
2762,78595.86,SIDE,UP,0
2763,82932.99,SIDE,UP,0
2764,83680.12,SIDE,DOWN,0
2765,81115.78,SIDE,UP,0
2766,83983.2,DOWN,UP,0
2767,84338.44,DOWN,DOWN,1
2768,82574.53,DOWN,UP,0
2769,84010.03,DOWN,DOWN,1
2770,82715.03,DOWN,UP,0
2771,86845.94,DOWN,DOWN,1
2772,84223.39,DOWN,DOWN,1
2773,84088.79,SIDE,DOWN,0
2774,83840.59,SIDE,UP,0
2775,86082.5,UP,UP,1
2776,87498.16,UP,DOWN,0
2777,87392.87,UP,DOWN,0
2778,86909.17,UP,UP,1
2779,87232.01,UP,DOWN,0
2780,84424.38,UP,DOWN,0
2781,82648.54,UP,DOWN,0
2782,82389.99,UP,UP,1
2783,82550.01,UP,UP,1
2784,85158.34,UP,DOWN,0
2785,82516.29,UP,UP,1
2786,83213.09,UP,UP,1
2787,83889.87,UP,DOWN,0
2788,83537.99,SIDE,DOWN,0
2789,78430.0,DOWN,UP,0
2790,79163.24,DOWN,DOWN,1
2791,76322.42,DOWN,UP,0
2792,82615.22,DOWN,DOWN,1
2793,79607.3,DOWN,UP,0
2794,83423.84,DOWN,UP,0
2795,85276.9,DOWN,DOWN,1
2796,83760.0,DOWN,UP,0
2797,84591.58,DOWN,DOWN,1
2798,83643.99,DOWN,UP,0
2799,84030.38,DOWN,UP,0
2800,84947.91,DOWN,DOWN,1
2801,84474.69,DOWN,UP,0
2802,85077.01,SIDE,UP,0
2803,85179.24,SIDE,UP,0
2804,87516.23,SIDE,UP,0
2805,93442.99,SIDE,UP,0
2806,93691.08,SIDE,UP,0
2807,93980.47,SIDE,UP,0
2808,94638.68,SIDE,DOWN,0
2809,94628.0,SIDE,DOWN,0
2810,93749.3,SIDE,UP,0
2811,95011.18,UP,DOWN,0
2812,94256.82,UP,DOWN,0
2813,94172.0,UP,UP,1
2814,96489.91,UP,UP,1
2815,96887.14,UP,DOWN,0
2816,95856.42,UP,DOWN,0
2817,94277.62,UP,UP,1
2818,94733.68,UP,UP,1
2819,96834.02,UP,UP,1
2820,97030.5,UP,UP,1
2821,103261.6,UP,DOWN,0
2822,102971.99,UP,UP,1
2823,104809.53,UP,DOWN,0
2824,104118.0,UP,DOWN,0
2825,102791.32,UP,UP,1
2826,104103.72,UP,DOWN,0
2827,103507.82,UP,UP,1
2828,103763.71,UP,DOWN,0
2829,103463.9,UP,DOWN,0
2830,103126.65,UP,UP,1
2831,106454.26,UP,DOWN,0
2832,105573.74,UP,UP,1
2833,106849.99,UP,UP,1
2834,109643.99,UP,UP,1
2835,111696.21,UP,DOWN,0
2836,107318.3,UP,UP,1
2837,107761.91,UP,UP,1
2838,109004.19,UP,UP,1
2839,109434.79,UP,DOWN,0
2840,108938.17,UP,DOWN,0
2841,107781.78,UP,DOWN,0
2842,105589.75,UP,DOWN,0
2843,103985.48,SIDE,UP,0
2844,104591.88,SIDE,UP,0
2845,105642.93,SIDE,UP,0
2846,105857.99,SIDE,DOWN,0
2847,105376.89,DOWN,DOWN,1
2848,104696.86,DOWN,DOWN,1
2849,101508.68,DOWN,UP,0
2850,104288.44,DOWN,UP,0
2851,105552.15,DOWN,UP,0
2852,105734.0,DOWN,UP,0
2853,110263.02,DOWN,UP,0
2854,110274.39,DOWN,DOWN,1
2855,108645.12,DOWN,DOWN,1
2856,105671.73,SIDE,UP,0
2857,106066.59,SIDE,DOWN,0
2858,105414.64,SIDE,UP,0
2859,105594.01,SIDE,UP,0
2860,106794.53,UP,DOWN,0
2861,104551.17,UP,UP,1
2862,104886.78,UP,DOWN,0
2863,104658.59,SIDE,DOWN,0
2864,103297.99,SIDE,DOWN,0
2865,102120.01,SIDE,DOWN,0
2866,100963.87,SIDE,UP,0
2867,105333.93,SIDE,UP,0
2868,106083.0,SIDE,UP,0
2869,107340.58,DOWN,DOWN,1
2870,106947.06,DOWN,UP,0
2871,107047.59,DOWN,UP,0
2872,107296.79,DOWN,UP,0
2873,108356.93,SIDE,DOWN,0
2874,107146.5,SIDE,DOWN,0
2875,105681.14,SIDE,UP,0
2876,108849.6,SIDE,UP,0
2877,109584.78,SIDE,DOWN,0
2878,107984.24,SIDE,UP,0
2879,108198.12,UP,UP,1
2880,109203.84,UP,DOWN,0
2881,108262.94,UP,UP,1
2882,108922.98,UP,UP,1
2883,111233.99,UP,UP,1
2884,116010.0,UP,UP,1
2885,117527.66,UP,DOWN,0
2886,117420.0,UP,UP,1
2887,119086.64,UP,UP,1
2888,119841.18,UP,DOWN,0
2889,117758.09,UP,UP,1
2890,118630.43,UP,UP,1
2891,119177.56,UP,DOWN,0
2892,117924.84,UP,DOWN,0
2893,117840.0,UP,DOWN,0
2894,117265.12,SIDE,UP,0
2895,117380.36,SIDE,UP,0
2896,119954.42,SIDE,DOWN,0
2897,118755.99,SIDE,DOWN,0
2898,118340.99,SIDE,DOWN,0
2899,117614.31,SIDE,UP,0
2900,117919.99,SIDE,UP,0
2901,119415.55,SIDE,DOWN,0
2902,118062.32,DOWN,DOWN,1
2903,117950.76,DOWN,DOWN,1
2904,117840.3,DOWN,DOWN,1
2905,115764.08,DOWN,DOWN,1
2906,113297.93,DOWN,DOWN,1
2907,112546.35,DOWN,UP,0
2908,114208.8,DOWN,UP,0
2909,115055.03,DOWN,DOWN,1
2910,114129.75,DOWN,UP,0
2911,114992.27,DOWN,UP,0
2912,117472.01,DOWN,DOWN,1
2913,116674.74,DOWN,DOWN,1
2914,116462.25,DOWN,UP,0
2915,119294.01,DOWN,DOWN,1
2916,118686.0,DOWN,UP,0
2917,120134.08,DOWN,UP,0
2918,123306.43,DOWN,DOWN,1
2919,118295.09,DOWN,DOWN,1
2920,117342.05,DOWN,UP,0
2921,117380.66,DOWN,UP,0
2922,117405.01,SIDE,DOWN,0
2923,116227.05,UP,DOWN,0
2924,112872.94,UP,UP,1
2925,114271.24,UP,DOWN,0
2926,112500.0,UP,UP,1
2927,116935.99,UP,DOWN,0
2928,115716.7,UP,,0
